AnimalId,MovementId,MovementDate,OffLocationKey,OnLocationKey,Birth,Death,Stay_Length,Valid_History,OffX,OffY,OnX,OnY,Distance
99505670,0,2010-01-01T00:00:00.000Z,,81361,TRUE,FALSE,1420,1,,,,,
99523171,0,2010-01-01T00:00:00.000Z,,81363,TRUE,FALSE,31,1,,,,,
99559206,0,2010-01-01T00:00:00.000Z,,81366,TRUE,FALSE,796,1,,,,,
99480365,0,2010-01-01T00:00:00.000Z,,81379,TRUE,FALSE,690,1,,,,,
99567431,0,2010-01-01T00:00:00.000Z,,82123,TRUE,FALSE,938,1,,,,,
99467995,0,2010-01-01T00:00:00.000Z,,82226,TRUE,FALSE,25,1,,,,,
99432381,0,2010-01-01T00:00:00.000Z,,82399,TRUE,FALSE,381,1,,,,,
99475134,0,2010-01-01T00:00:00.000Z,,82402,TRUE,FALSE,21,1,,,,,
99475116,0,2010-01-01T00:00:00.000Z,,82402,TRUE,FALSE,31,1,,,,,
99475125,0,2010-01-01T00:00:00.000Z,,82402,TRUE,FALSE,21,1,,,,,
86175804,3,2010-01-01T00:00:00.000Z,85871,82451,FALSE,FALSE,36,1,401991,219434,404727,202412,17240
99431452,0,2010-01-01T00:00:00.000Z,,82724,TRUE,FALSE,398,1,,,,,
99592107,0,2010-01-01T00:00:00.000Z,,83020,TRUE,FALSE,53,1,,,,,
99499382,0,2010-01-01T00:00:00.000Z,,83083,TRUE,FALSE,41,1,,,,,
99553593,0,2010-01-01T00:00:00.000Z,,83110,TRUE,FALSE,2215,1,,,,,
99553605,0,2010-01-01T00:00:00.000Z,,83110,TRUE,FALSE,32,1,,,,,
99582907,0,2010-01-01T00:00:00.000Z,,83115,TRUE,FALSE,804,1,,,,,
99490675,0,2010-01-01T00:00:00.000Z,,83524,TRUE,FALSE,627,1,,,,,
99490651,0,2010-01-01T00:00:00.000Z,,83524,TRUE,FALSE,627,1,,,,,
99475879,0,2010-01-01T00:00:00.000Z,,83586,TRUE,FALSE,53,1,,,,,
99448949,0,2010-01-01T00:00:00.000Z,,83826,TRUE,FALSE,37,1,,,,,
99448859,0,2010-01-01T00:00:00.000Z,,84289,TRUE,FALSE,536,1,,,,,
99667101,0,2010-01-01T00:00:00.000Z,,84466,TRUE,FALSE,1057,1,,,,,
99667049,0,2010-01-01T00:00:00.000Z,,84466,TRUE,FALSE,775,1,,,,,
99667080,0,2010-01-01T00:00:00.000Z,,84466,TRUE,FALSE,501,1,,,,,
99467577,0,2010-01-01T00:00:00.000Z,,84828,TRUE,FALSE,2215,1,,,,,
99523315,0,2010-01-01T00:00:00.000Z,,84906,TRUE,FALSE,24,1,,,,,
99469026,0,2010-01-01T00:00:00.000Z,,85494,TRUE,FALSE,1378,1,,,,,
99489896,0,2010-01-01T00:00:00.000Z,,85551,TRUE,FALSE,493,1,,,,,
99528563,0,2010-01-01T00:00:00.000Z,,85597,TRUE,FALSE,1097,1,,,,,
99592326,0,2010-01-01T00:00:00.000Z,,85608,TRUE,FALSE,908,1,,,,,
99592312,0,2010-01-01T00:00:00.000Z,,85608,TRUE,FALSE,2215,1,,,,,
99448167,0,2010-01-01T00:00:00.000Z,,85632,TRUE,FALSE,573,1,,,,,
99448140,0,2010-01-01T00:00:00.000Z,,85632,TRUE,FALSE,615,1,,,,,
99514297,0,2010-01-01T00:00:00.000Z,,85780,TRUE,FALSE,2035,1,,,,,
99415207,0,2010-01-01T00:00:00.000Z,,86191,TRUE,FALSE,311,1,,,,,
99436350,0,2010-01-01T00:00:00.000Z,,86316,TRUE,FALSE,539,1,,,,,
99635840,0,2010-01-01T00:00:00.000Z,,86930,TRUE,FALSE,668,1,,,,,
99635817,0,2010-01-01T00:00:00.000Z,,86930,TRUE,FALSE,1076,1,,,,,
99514251,0,2010-01-01T00:00:00.000Z,,87002,TRUE,FALSE,249,1,,,,,
99453566,0,2010-01-01T00:00:00.000Z,,87048,TRUE,FALSE,11,1,,,,,
99453586,0,2010-01-01T00:00:00.000Z,,87048,TRUE,FALSE,11,1,,,,,
99453551,0,2010-01-01T00:00:00.000Z,,87048,TRUE,FALSE,11,1,,,,,
99506188,0,2010-01-01T00:00:00.000Z,,87225,TRUE,FALSE,1976,1,,,,,
99559633,0,2010-01-01T00:00:00.000Z,,87296,TRUE,FALSE,41,1,,,,,
99516669,0,2010-01-01T00:00:00.000Z,,87299,TRUE,FALSE,154,1,,,,,
99501529,0,2010-01-01T00:00:00.000Z,,87332,TRUE,FALSE,256,1,,,,,
99527953,0,2010-01-01T00:00:00.000Z,,87349,TRUE,FALSE,1720,1,,,,,
99527948,0,2010-01-01T00:00:00.000Z,,87349,TRUE,FALSE,2041,1,,,,,
99527934,0,2010-01-01T00:00:00.000Z,,87349,TRUE,FALSE,1116,1,,,,,
99510465,0,2010-01-01T00:00:00.000Z,,87367,TRUE,FALSE,27,1,,,,,
99511610,0,2010-01-01T00:00:00.000Z,,87534,TRUE,FALSE,109,1,,,,,
99581525,0,2010-01-01T00:00:00.000Z,,87604,TRUE,FALSE,501,0,,,,,
99462370,0,2010-01-01T00:00:00.000Z,,87758,TRUE,FALSE,1404,1,,,,,
99426750,0,2010-01-01T00:00:00.000Z,,87843,TRUE,FALSE,1081,1,,,,,
99426764,0,2010-01-01T00:00:00.000Z,,87843,TRUE,FALSE,25,1,,,,,
99426733,0,2010-01-01T00:00:00.000Z,,87843,TRUE,FALSE,25,1,,,,,
99540278,0,2010-01-01T00:00:00.000Z,,87881,TRUE,FALSE,2215,1,,,,,
99426835,0,2010-01-01T00:00:00.000Z,,87959,TRUE,FALSE,1036,1,,,,,
99583398,0,2010-01-01T00:00:00.000Z,,88039,TRUE,FALSE,738,1,,,,,
99418188,0,2010-01-01T00:00:00.000Z,,88181,TRUE,FALSE,39,1,,,,,
99418164,0,2010-01-01T00:00:00.000Z,,88181,TRUE,FALSE,973,1,,,,,
99151619,1,2010-01-01T00:00:00.000Z,87048,88224,FALSE,FALSE,56,1,387376,232210,385766,231042,1989
99151615,1,2010-01-01T00:00:00.000Z,87048,88224,FALSE,FALSE,178,1,387376,232210,385766,231042,1989
99151621,1,2010-01-01T00:00:00.000Z,87048,88224,FALSE,FALSE,49,1,387376,232210,385766,231042,1989
99151611,1,2010-01-01T00:00:00.000Z,87048,88224,FALSE,FALSE,89,1,387376,232210,385766,231042,1989
99262753,1,2010-01-01T00:00:00.000Z,87048,88224,FALSE,FALSE,175,1,387376,232210,385766,231042,1989
99262725,1,2010-01-01T00:00:00.000Z,87048,88224,FALSE,FALSE,37,1,387376,232210,385766,231042,1989
99505713,0,2010-01-01T00:00:00.000Z,,88320,TRUE,FALSE,114,1,,,,,
99505737,0,2010-01-01T00:00:00.000Z,,88320,TRUE,FALSE,28,1,,,,,
99580766,0,2010-01-01T00:00:00.000Z,,88449,TRUE,FALSE,474,0,,,,,
99510946,0,2010-01-01T00:00:00.000Z,,88642,TRUE,FALSE,703,1,,,,,
99641765,0,2010-01-01T00:00:00.000Z,,174077,TRUE,FALSE,679,1,,,,,
99491602,0,2010-01-01T00:00:00.000Z,,177341,TRUE,FALSE,18,1,,,,,
99463042,0,2010-01-01T00:00:00.000Z,,177467,TRUE,FALSE,505,1,,,,,
99479635,0,2010-01-01T00:00:00.000Z,,177614,TRUE,FALSE,1783,1,,,,,
99479672,0,2010-01-01T00:00:00.000Z,,177614,TRUE,FALSE,25,1,,,,,
99450166,0,2010-01-01T00:00:00.000Z,,177711,TRUE,FALSE,563,1,,,,,
99572476,0,2010-01-01T00:00:00.000Z,,408316,TRUE,FALSE,1857,1,,,,,
99586425,0,2010-01-01T00:00:00.000Z,,25746892,TRUE,FALSE,194,1,,,,,
99586397,0,2010-01-01T00:00:00.000Z,,25746892,TRUE,FALSE,858,1,,,,,
99476905,0,2010-01-01T00:00:00.000Z,,25757700,TRUE,FALSE,2030,1,,,,,
99476877,0,2010-01-01T00:00:00.000Z,,25757700,TRUE,FALSE,2015,1,,,,,
99575251,0,2010-01-01T00:00:00.000Z,,25760396,TRUE,FALSE,468,1,,,,,
99575269,0,2010-01-01T00:00:00.000Z,,25760396,TRUE,FALSE,468,1,,,,,
88922538,1,2010-01-01T00:00:00.000Z,81366,,FALSE,TRUE,,1,,,,,
99208745,1,2010-01-01T00:00:00.000Z,81366,,FALSE,TRUE,,1,,,,,
99395520,1,2010-01-01T00:00:00.000Z,81366,,FALSE,TRUE,,1,,,,,
99309500,1,2010-01-01T00:00:00.000Z,83035,,FALSE,TRUE,,1,,,,,
99309507,1,2010-01-01T00:00:00.000Z,83035,,FALSE,TRUE,,1,,,,,
23233696,1,2010-01-01T00:00:00.000Z,83115,,FALSE,TRUE,,1,,,,,
18049096,1,2010-01-01T00:00:00.000Z,83861,,FALSE,TRUE,,0,,,,,
87746331,6,2010-01-01T00:00:00.000Z,84091,,FALSE,TRUE,,0,,,,,
95444903,1,2010-01-01T00:00:00.000Z,84155,,FALSE,TRUE,,1,,,,,
99215641,1,2010-01-01T00:00:00.000Z,84291,,FALSE,TRUE,,1,,,,,
99495798,1,2010-01-01T00:00:00.000Z,84291,,FALSE,TRUE,,1,,,,,
87503403,3,2010-01-01T00:00:00.000Z,84295,25789133,FALSE,FALSE,0,0,359745,199394,342868,126218,75097
97678960,3,2010-01-01T00:00:00.000Z,84829,,FALSE,TRUE,,1,,,,,
99093389,1,2010-01-01T00:00:00.000Z,85366,,FALSE,TRUE,,1,,,,,
86456624,1,2010-01-01T00:00:00.000Z,87066,,FALSE,TRUE,,1,,,,,
77371388,1,2010-01-01T00:00:00.000Z,87961,,FALSE,TRUE,,1,,,,,
75184375,1,2010-01-01T00:00:00.000Z,87991,,FALSE,TRUE,,1,,,,,
89118631,1,2010-01-01T00:00:00.000Z,88128,,FALSE,TRUE,,1,,,,,
94116414,1,2010-01-01T00:00:00.000Z,88128,,FALSE,TRUE,,1,,,,,
91949948,2,2010-01-01T00:00:00.000Z,88217,,FALSE,TRUE,,1,,,,,
27942392,3,2010-01-01T00:00:00.000Z,102786,1434082,FALSE,FALSE,0,0,368059,222668,,,
16154327,1,2010-01-01T00:00:00.000Z,178771,,FALSE,TRUE,,0,,,,,
99577202,0,2010-01-02T00:00:00.000Z,,81281,TRUE,FALSE,468,1,,,,,
99559221,0,2010-01-02T00:00:00.000Z,,81366,TRUE,FALSE,14,1,,,,,
99582793,0,2010-01-02T00:00:00.000Z,,81376,TRUE,FALSE,807,1,,,,,
99571489,0,2010-01-02T00:00:00.000Z,,81402,TRUE,FALSE,506,1,,,,,
99670428,0,2010-01-02T00:00:00.000Z,,81403,TRUE,FALSE,2214,1,,,,,
99468016,0,2010-01-02T00:00:00.000Z,,82226,TRUE,FALSE,2214,1,,,,,
99437057,0,2010-01-02T00:00:00.000Z,,82372,TRUE,FALSE,16,1,,,,,
99432388,0,2010-01-02T00:00:00.000Z,,82399,TRUE,FALSE,108,1,,,,,
99470608,0,2010-01-02T00:00:00.000Z,,82402,TRUE,FALSE,1927,1,,,,,
99475161,0,2010-01-02T00:00:00.000Z,,82402,TRUE,FALSE,2011,1,,,,,
99475150,0,2010-01-02T00:00:00.000Z,,82402,TRUE,FALSE,20,1,,,,,
99475144,0,2010-01-02T00:00:00.000Z,,82402,TRUE,FALSE,20,1,,,,,
99592116,0,2010-01-02T00:00:00.000Z,,83020,TRUE,FALSE,52,1,,,,,
99592121,0,2010-01-02T00:00:00.000Z,,83020,TRUE,FALSE,52,1,,,,,
99634458,0,2010-01-02T00:00:00.000Z,,83035,TRUE,FALSE,128,1,,,,,
99634470,0,2010-01-02T00:00:00.000Z,,83035,TRUE,FALSE,131,1,,,,,
99505479,0,2010-01-02T00:00:00.000Z,,83111,TRUE,FALSE,696,1,,,,,
98824483,2,2010-01-02T00:00:00.000Z,25774485,83128,FALSE,FALSE,84,1,330232,134078,373658,203302,81717
99257872,2,2010-01-02T00:00:00.000Z,25774485,83128,FALSE,FALSE,102,1,330232,134078,373658,203302,81717
99091396,2,2010-01-02T00:00:00.000Z,25774485,83128,FALSE,FALSE,96,1,330232,134078,373658,203302,81717
99260632,2,2010-01-02T00:00:00.000Z,25774485,83128,FALSE,FALSE,84,1,330232,134078,373658,203302,81717
99312486,2,2010-01-02T00:00:00.000Z,25774485,83128,FALSE,FALSE,102,1,330232,134078,373658,203302,81717
99250037,2,2010-01-02T00:00:00.000Z,25774485,83128,FALSE,FALSE,102,1,330232,134078,373658,203302,81717
99326785,2,2010-01-02T00:00:00.000Z,25774485,83128,FALSE,FALSE,84,1,330232,134078,373658,203302,81717
99334923,2,2010-01-02T00:00:00.000Z,25774485,83128,FALSE,FALSE,84,1,330232,134078,373658,203302,81717
99276463,2,2010-01-02T00:00:00.000Z,25774485,83128,FALSE,FALSE,102,1,330232,134078,373658,203302,81717
99339641,2,2010-01-02T00:00:00.000Z,25774485,83128,FALSE,FALSE,102,1,330232,134078,373658,203302,81717
99284463,2,2010-01-02T00:00:00.000Z,25774485,83128,FALSE,FALSE,84,1,330232,134078,373658,203302,81717
99460462,0,2010-01-02T00:00:00.000Z,,83160,TRUE,FALSE,16,1,,,,,
99460443,0,2010-01-02T00:00:00.000Z,,83160,TRUE,FALSE,16,1,,,,,
99486103,0,2010-01-02T00:00:00.000Z,,83160,TRUE,FALSE,16,1,,,,,
5138704,6,2010-01-02T00:00:00.000Z,1411996,83388,FALSE,FALSE,438,1,302877,228495,410478,201268,110992
9599937,4,2010-01-02T00:00:00.000Z,1411996,83388,FALSE,FALSE,177,1,302877,228495,410478,201268,110992
11653880,5,2010-01-02T00:00:00.000Z,1411996,83388,FALSE,FALSE,521,1,302877,228495,410478,201268,110992
99423785,0,2010-01-02T00:00:00.000Z,,83398,TRUE,FALSE,765,1,,,,,
99532635,0,2010-01-02T00:00:00.000Z,,83500,TRUE,FALSE,795,1,,,,,
99537388,0,2010-01-02T00:00:00.000Z,,83515,TRUE,FALSE,1055,1,,,,,
99044599,1,2010-01-02T00:00:00.000Z,85649,83583,FALSE,FALSE,640,1,374276,217862,375626,218912,1710
99570713,0,2010-01-02T00:00:00.000Z,,84289,TRUE,FALSE,752,1,,,,,
99480709,0,2010-01-02T00:00:00.000Z,,84291,TRUE,FALSE,1999,1,,,,,
99480655,0,2010-01-02T00:00:00.000Z,,84291,TRUE,FALSE,846,1,,,,,
99480713,0,2010-01-02T00:00:00.000Z,,84291,TRUE,FALSE,807,1,,,,,
99480680,0,2010-01-02T00:00:00.000Z,,84291,TRUE,FALSE,2214,1,,,,,
99480730,0,2010-01-02T00:00:00.000Z,,84291,TRUE,FALSE,85,1,,,,,
99507155,0,2010-01-02T00:00:00.000Z,,84428,TRUE,FALSE,1119,1,,,,,
99467607,0,2010-01-02T00:00:00.000Z,,84828,TRUE,FALSE,1289,1,,,,,
99523363,0,2010-01-02T00:00:00.000Z,,84906,TRUE,FALSE,1557,1,,,,,
99523334,0,2010-01-02T00:00:00.000Z,,84906,TRUE,FALSE,2214,1,,,,,
99512395,0,2010-01-02T00:00:00.000Z,,85099,TRUE,FALSE,18,1,,,,,
99666211,0,2010-01-02T00:00:00.000Z,,85500,TRUE,FALSE,1060,1,,,,,
99596912,0,2010-01-02T00:00:00.000Z,,85730,TRUE,FALSE,440,1,,,,,
99415243,0,2010-01-02T00:00:00.000Z,,86191,TRUE,FALSE,310,1,,,,,
99436368,0,2010-01-02T00:00:00.000Z,,86316,TRUE,FALSE,538,1,,,,,
99482877,0,2010-01-02T00:00:00.000Z,,86624,TRUE,FALSE,171,1,,,,,
99429612,0,2010-01-02T00:00:00.000Z,,86854,TRUE,FALSE,66,1,,,,,
99561663,0,2010-01-02T00:00:00.000Z,,86911,TRUE,FALSE,607,1,,,,,
99561688,0,2010-01-02T00:00:00.000Z,,86911,TRUE,FALSE,2214,1,,,,,
99516372,0,2010-01-02T00:00:00.000Z,,87104,TRUE,FALSE,19,1,,,,,
99651645,0,2010-01-02T00:00:00.000Z,,87111,TRUE,FALSE,119,1,,,,,
99559661,0,2010-01-02T00:00:00.000Z,,87296,TRUE,FALSE,1904,1,,,,,
99501491,0,2010-01-02T00:00:00.000Z,,87332,TRUE,FALSE,255,1,,,,,
99527965,0,2010-01-02T00:00:00.000Z,,87349,TRUE,FALSE,2104,1,,,,,
99538743,0,2010-01-02T00:00:00.000Z,,87395,TRUE,FALSE,577,1,,,,,
98431010,2,2010-01-02T00:00:00.000Z,25774485,87522,FALSE,FALSE,683,1,330232,134078,380734,208937,90301
99211031,2,2010-01-02T00:00:00.000Z,25774485,87522,FALSE,FALSE,661,1,330232,134078,380734,208937,90301
99248725,2,2010-01-02T00:00:00.000Z,25774485,87522,FALSE,FALSE,867,1,330232,134078,380734,208937,90301
99326505,2,2010-01-02T00:00:00.000Z,25774485,87522,FALSE,FALSE,661,1,330232,134078,380734,208937,90301
99339624,2,2010-01-02T00:00:00.000Z,25774485,87522,FALSE,FALSE,613,1,330232,134078,380734,208937,90301
99347141,2,2010-01-02T00:00:00.000Z,25774485,87522,FALSE,FALSE,704,1,330232,134078,380734,208937,90301
99581501,0,2010-01-02T00:00:00.000Z,,87604,TRUE,FALSE,500,0,,,,,
99476887,0,2010-01-02T00:00:00.000Z,,87961,TRUE,FALSE,623,1,,,,,
99500142,0,2010-01-02T00:00:00.000Z,,87987,TRUE,FALSE,24,1,,,,,
99580171,0,2010-01-02T00:00:00.000Z,,87994,TRUE,FALSE,2214,1,,,,,
99583445,0,2010-01-02T00:00:00.000Z,,88039,TRUE,FALSE,611,1,,,,,
99583457,0,2010-01-02T00:00:00.000Z,,88039,TRUE,FALSE,1199,1,,,,,
99414538,0,2010-01-02T00:00:00.000Z,,88127,TRUE,FALSE,501,1,,,,,
99502427,0,2010-01-02T00:00:00.000Z,,88251,TRUE,FALSE,2057,1,,,,,
99580780,0,2010-01-02T00:00:00.000Z,,88449,TRUE,FALSE,473,1,,,,,
99445857,0,2010-01-02T00:00:00.000Z,,88639,TRUE,FALSE,2214,1,,,,,
99510966,0,2010-01-02T00:00:00.000Z,,88642,TRUE,FALSE,894,1,,,,,
99639044,0,2010-01-02T00:00:00.000Z,,109001,TRUE,FALSE,33,1,,,,,
99538731,0,2010-01-02T00:00:00.000Z,,109039,TRUE,FALSE,278,1,,,,,
99641820,0,2010-01-02T00:00:00.000Z,,174077,TRUE,FALSE,2214,1,,,,,
99641797,0,2010-01-02T00:00:00.000Z,,174077,TRUE,FALSE,675,1,,,,,
99518146,0,2010-01-02T00:00:00.000Z,,178552,TRUE,FALSE,2214,1,,,,,
99608578,0,2010-01-02T00:00:00.000Z,,227955,TRUE,FALSE,432,1,,,,,
99530366,0,2010-01-02T00:00:00.000Z,,1410674,TRUE,FALSE,901,1,,,,,
99575287,0,2010-01-02T00:00:00.000Z,,25760396,TRUE,FALSE,1237,1,,,,,
96540645,2,2010-01-02T00:00:00.000Z,110108,25763630,FALSE,FALSE,44,1,388487,254822,381010,231216,24761
97124837,2,2010-01-02T00:00:00.000Z,110108,25763630,FALSE,FALSE,44,1,388487,254822,381010,231216,24761
96807863,2,2010-01-02T00:00:00.000Z,110108,25763630,FALSE,FALSE,44,1,388487,254822,381010,231216,24761
96807896,2,2010-01-02T00:00:00.000Z,110108,25763630,FALSE,FALSE,44,1,388487,254822,381010,231216,24761
96939527,2,2010-01-02T00:00:00.000Z,110108,25763630,FALSE,FALSE,44,1,388487,254822,381010,231216,24761
96867927,2,2010-01-02T00:00:00.000Z,110108,25763630,FALSE,FALSE,44,1,388487,254822,381010,231216,24761
96867983,2,2010-01-02T00:00:00.000Z,110108,25763630,FALSE,FALSE,44,1,388487,254822,381010,231216,24761
99677505,0,2010-01-02T00:00:00.000Z,,25787938,TRUE,FALSE,2214,1,,,,,
99395119,1,2010-01-02T00:00:00.000Z,81366,,FALSE,TRUE,,1,,,,,
99395538,1,2010-01-02T00:00:00.000Z,81366,,FALSE,TRUE,,1,,,,,
71344006,2,2010-01-02T00:00:00.000Z,82402,,FALSE,TRUE,,1,,,,,
86945067,1,2010-01-02T00:00:00.000Z,85658,,FALSE,TRUE,,1,,,,,
87135024,1,2010-01-02T00:00:00.000Z,85658,,FALSE,TRUE,,1,,,,,
24227930,1,2010-01-02T00:00:00.000Z,85990,,FALSE,TRUE,,1,,,,,
14960840,1,2010-01-02T00:00:00.000Z,87353,,FALSE,TRUE,,1,,,,,
22206568,1,2010-01-02T00:00:00.000Z,87843,,FALSE,TRUE,,1,,,,,
98798291,1,2010-01-02T00:00:00.000Z,87959,,FALSE,TRUE,,1,,,,,
99421039,1,2010-01-02T00:00:00.000Z,108873,,FALSE,TRUE,,1,,,,,
99678873,0,2010-01-03T00:00:00.000Z,,81266,TRUE,FALSE,44,1,,,,,
99678889,0,2010-01-03T00:00:00.000Z,,81266,TRUE,FALSE,44,1,,,,,
99577206,0,2010-01-03T00:00:00.000Z,,81281,TRUE,FALSE,467,1,,,,,
99562918,0,2010-01-03T00:00:00.000Z,,81307,TRUE,FALSE,164,1,,,,,
99582804,0,2010-01-03T00:00:00.000Z,,81376,TRUE,FALSE,739,1,,,,,
99571508,0,2010-01-03T00:00:00.000Z,,81402,TRUE,FALSE,750,1,,,,,
99670435,0,2010-01-03T00:00:00.000Z,,81403,TRUE,FALSE,470,1,,,,,
99417263,0,2010-01-03T00:00:00.000Z,,81832,TRUE,FALSE,484,1,,,,,
99484561,0,2010-01-03T00:00:00.000Z,,81861,TRUE,FALSE,165,1,,,,,
99694007,0,2010-01-03T00:00:00.000Z,,82179,TRUE,FALSE,82,1,,,,,
99468052,0,2010-01-03T00:00:00.000Z,,82226,TRUE,FALSE,23,1,,,,,
99470658,0,2010-01-03T00:00:00.000Z,,82402,TRUE,FALSE,1944,1,,,,,
99494697,0,2010-01-03T00:00:00.000Z,,82751,TRUE,FALSE,164,1,,,,,
99525999,0,2010-01-03T00:00:00.000Z,,83083,TRUE,FALSE,991,1,,,,,
99526022,0,2010-01-03T00:00:00.000Z,,83083,TRUE,FALSE,19,1,,,,,
99525621,0,2010-01-03T00:00:00.000Z,,83083,TRUE,FALSE,19,1,,,,,
99505502,0,2010-01-03T00:00:00.000Z,,83111,TRUE,FALSE,695,1,,,,,
99625621,0,2010-01-03T00:00:00.000Z,,83193,TRUE,FALSE,669,1,,,,,
99630758,0,2010-01-03T00:00:00.000Z,,83581,TRUE,FALSE,722,1,,,,,
99667116,0,2010-01-03T00:00:00.000Z,,84466,TRUE,FALSE,773,1,,,,,
99667136,0,2010-01-03T00:00:00.000Z,,84466,TRUE,FALSE,1055,1,,,,,
95349255,1,2010-01-03T00:00:00.000Z,85091,84717,FALSE,FALSE,753,1,369938,228382,370922,230361,2210
95700191,1,2010-01-03T00:00:00.000Z,85091,84717,FALSE,FALSE,753,1,369938,228382,370922,230361,2210
99516330,0,2010-01-03T00:00:00.000Z,,85600,TRUE,FALSE,674,1,,,,,
99516366,0,2010-01-03T00:00:00.000Z,,85600,TRUE,FALSE,44,1,,,,,
99592290,0,2010-01-03T00:00:00.000Z,,85608,TRUE,FALSE,857,1,,,,,
99544035,0,2010-01-03T00:00:00.000Z,,85903,TRUE,FALSE,32,1,,,,,
99544067,0,2010-01-03T00:00:00.000Z,,85903,TRUE,FALSE,19,1,,,,,
99460589,0,2010-01-03T00:00:00.000Z,,86907,TRUE,FALSE,689,1,,,,,
99635933,0,2010-01-03T00:00:00.000Z,,86930,TRUE,FALSE,346,1,,,,,
99514212,0,2010-01-03T00:00:00.000Z,,87002,TRUE,FALSE,247,1,,,,,
99518846,0,2010-01-03T00:00:00.000Z,,87066,TRUE,FALSE,12,1,,,,,
99528660,0,2010-01-03T00:00:00.000Z,,87069,TRUE,FALSE,2213,1,,,,,
99569982,0,2010-01-03T00:00:00.000Z,,87291,TRUE,FALSE,681,1,,,,,
99559718,0,2010-01-03T00:00:00.000Z,,87296,TRUE,FALSE,1911,1,,,,,
99559697,0,2010-01-03T00:00:00.000Z,,87296,TRUE,FALSE,1225,1,,,,,
99559680,0,2010-01-03T00:00:00.000Z,,87296,TRUE,FALSE,22,1,,,,,
99490088,0,2010-01-03T00:00:00.000Z,,87455,TRUE,FALSE,352,1,,,,,
99443356,0,2010-01-03T00:00:00.000Z,,87494,TRUE,FALSE,11,1,,,,,
99443331,0,2010-01-03T00:00:00.000Z,,87494,TRUE,FALSE,11,1,,,,,
99686486,0,2010-01-03T00:00:00.000Z,,87521,TRUE,FALSE,688,1,,,,,
99580391,0,2010-01-03T00:00:00.000Z,,87559,TRUE,FALSE,695,1,,,,,
99427923,0,2010-01-03T00:00:00.000Z,,87964,TRUE,FALSE,611,1,,,,,
99502443,0,2010-01-03T00:00:00.000Z,,88251,TRUE,FALSE,924,1,,,,,
99445868,0,2010-01-03T00:00:00.000Z,,88639,TRUE,FALSE,2213,1,,,,,
99610422,0,2010-01-03T00:00:00.000Z,,88647,TRUE,FALSE,1860,1,,,,,
99587882,0,2010-01-03T00:00:00.000Z,,176055,TRUE,FALSE,450,1,,,,,
99448323,0,2010-01-03T00:00:00.000Z,,176107,TRUE,FALSE,33,1,,,,,
99519766,0,2010-01-03T00:00:00.000Z,,177329,TRUE,FALSE,15,1,,,,,
99479650,0,2010-01-03T00:00:00.000Z,,177614,TRUE,FALSE,2213,1,,,,,
99525400,0,2010-01-03T00:00:00.000Z,,178791,TRUE,FALSE,29,1,,,,,
99525414,0,2010-01-03T00:00:00.000Z,,178791,TRUE,FALSE,29,1,,,,,
99498950,0,2010-01-03T00:00:00.000Z,,178988,TRUE,FALSE,40,1,,,,,
99608039,0,2010-01-03T00:00:00.000Z,,227955,TRUE,FALSE,431,1,,,,,
7215124,4,2010-01-03T00:00:00.000Z,87514,382186,FALSE,FALSE,1,1,378795,208569,383487,213437,6761
7779155,2,2010-01-03T00:00:00.000Z,87514,382186,FALSE,FALSE,1,1,378795,208569,383487,213437,6761
14970439,1,2010-01-03T00:00:00.000Z,87455,382186,FALSE,FALSE,1,1,378920,207295,383487,213437,7653
18886187,2,2010-01-03T00:00:00.000Z,87514,382186,FALSE,FALSE,1,1,378795,208569,383487,213437,6761
20107662,1,2010-01-03T00:00:00.000Z,87299,382186,FALSE,FALSE,1,1,372710,209760,383487,213437,11387
20179966,4,2010-01-03T00:00:00.000Z,87332,382186,FALSE,FALSE,1,1,378906,206882,383487,213437,7997
22535876,1,2010-01-03T00:00:00.000Z,87455,382186,FALSE,FALSE,1,1,378920,207295,383487,213437,7653
25176514,2,2010-01-03T00:00:00.000Z,87514,382186,FALSE,FALSE,1,1,378795,208569,383487,213437,6761
27891382,1,2010-01-03T00:00:00.000Z,87455,382186,FALSE,FALSE,1,1,378920,207295,383487,213437,7653
29189563,2,2010-01-03T00:00:00.000Z,87514,382186,FALSE,FALSE,1,1,378795,208569,383487,213437,6761
87143514,1,2010-01-03T00:00:00.000Z,87455,382186,FALSE,FALSE,2,1,378920,207295,383487,213437,7653
3104887,1,2010-01-03T00:00:00.000Z,87299,382186,FALSE,FALSE,1,0,372710,209760,383487,213437,11387
3104936,1,2010-01-03T00:00:00.000Z,87299,382186,FALSE,FALSE,1,0,372710,209760,383487,213437,11387
6766111,2,2010-01-03T00:00:00.000Z,87514,382186,FALSE,FALSE,1,0,378795,208569,383487,213437,6761
88748654,2,2010-01-03T00:00:00.000Z,178923,382291,FALSE,FALSE,1,1,357529,185584,377405,205379,28051
89540281,2,2010-01-03T00:00:00.000Z,178923,382291,FALSE,FALSE,1,1,357529,185584,377405,205379,28051
81820759,3,2010-01-03T00:00:00.000Z,81366,,FALSE,TRUE,,1,,,,,
99395557,1,2010-01-03T00:00:00.000Z,81366,,FALSE,TRUE,,1,,,,,
99064882,1,2010-01-03T00:00:00.000Z,83405,,FALSE,TRUE,,1,,,,,
99446198,1,2010-01-03T00:00:00.000Z,83477,,FALSE,TRUE,,1,,,,,
74033187,2,2010-01-03T00:00:00.000Z,83477,,FALSE,TRUE,,0,,,,,
98967981,1,2010-01-03T00:00:00.000Z,83682,,FALSE,TRUE,,1,,,,,
93198515,5,2010-01-03T00:00:00.000Z,85366,,FALSE,TRUE,,1,,,,,
10875021,5,2010-01-03T00:00:00.000Z,85623,,FALSE,TRUE,,1,,,,,
96475176,1,2010-01-03T00:00:00.000Z,87090,,FALSE,TRUE,,1,,,,,
98154489,2,2010-01-03T00:00:00.000Z,87090,,FALSE,TRUE,,1,,,,,
87091477,6,2010-01-03T00:00:00.000Z,87166,903920,FALSE,FALSE,1,1,384593,229363,307719,208767,79585
87108227,2,2010-01-03T00:00:00.000Z,87166,903920,FALSE,FALSE,1,1,384593,229363,307719,208767,79585
87198023,3,2010-01-03T00:00:00.000Z,87166,903920,FALSE,FALSE,1,1,384593,229363,307719,208767,79585
87215131,3,2010-01-03T00:00:00.000Z,87166,903920,FALSE,FALSE,1,1,384593,229363,307719,208767,79585
87249241,7,2010-01-03T00:00:00.000Z,87166,903920,FALSE,FALSE,1,1,384593,229363,307719,208767,79585
87289075,4,2010-01-03T00:00:00.000Z,87166,903920,FALSE,FALSE,1,1,384593,229363,307719,208767,79585
87436757,3,2010-01-03T00:00:00.000Z,87166,903920,FALSE,FALSE,1,1,384593,229363,307719,208767,79585
87634565,4,2010-01-03T00:00:00.000Z,87166,903920,FALSE,FALSE,1,1,384593,229363,307719,208767,79585
87585002,5,2010-01-03T00:00:00.000Z,87166,903920,FALSE,FALSE,1,1,384593,229363,307719,208767,79585
87728396,3,2010-01-03T00:00:00.000Z,87166,903920,FALSE,FALSE,1,1,384593,229363,307719,208767,79585
87669470,3,2010-01-03T00:00:00.000Z,87166,903920,FALSE,FALSE,1,1,384593,229363,307719,208767,79585
87936314,4,2010-01-03T00:00:00.000Z,87166,903920,FALSE,FALSE,1,1,384593,229363,307719,208767,79585
88378851,4,2010-01-03T00:00:00.000Z,87166,903920,FALSE,FALSE,1,1,384593,229363,307719,208767,79585
88163680,5,2010-01-03T00:00:00.000Z,87166,903920,FALSE,FALSE,1,1,384593,229363,307719,208767,79585
88392230,3,2010-01-03T00:00:00.000Z,87166,903920,FALSE,FALSE,1,1,384593,229363,307719,208767,79585
15112743,2,2010-01-03T00:00:00.000Z,87494,,FALSE,TRUE,,1,,,,,
99220826,1,2010-01-03T00:00:00.000Z,87962,266372,FALSE,FALSE,117,1,374950,190179,502587,465743,303688
99121574,1,2010-01-03T00:00:00.000Z,87962,25758224,FALSE,FALSE,9,1,374950,190179,372911,179031,11332
99121592,1,2010-01-03T00:00:00.000Z,87962,25758224,FALSE,FALSE,9,1,374950,190179,372911,179031,11332
99121603,1,2010-01-03T00:00:00.000Z,87962,25758224,FALSE,FALSE,9,1,374950,190179,372911,179031,11332
99121545,1,2010-01-03T00:00:00.000Z,87962,25758224,FALSE,FALSE,9,1,374950,190179,372911,179031,11332
99123564,1,2010-01-03T00:00:00.000Z,87962,791911,FALSE,FALSE,523,1,374950,190179,372911,179031,11332
83307224,1,2010-01-03T00:00:00.000Z,88178,,FALSE,TRUE,,1,,,,,
95167397,2,2010-01-03T00:00:00.000Z,88224,,FALSE,TRUE,,1,,,,,
95465517,1,2010-01-03T00:00:00.000Z,25747270,,FALSE,TRUE,,1,,,,,
98994485,2,2010-01-03T00:00:00.000Z,25789343,,FALSE,TRUE,,1,,,,,
99559269,0,2010-01-04T00:00:00.000Z,,81366,TRUE,FALSE,793,1,,,,,
99559251,0,2010-01-04T00:00:00.000Z,,81366,TRUE,FALSE,1361,1,,,,,
99571522,0,2010-01-04T00:00:00.000Z,,81402,TRUE,FALSE,21,1,,,,,
99571543,0,2010-01-04T00:00:00.000Z,,81402,TRUE,FALSE,504,1,,,,,
99437065,0,2010-01-04T00:00:00.000Z,,82372,TRUE,FALSE,14,1,,,,,
99475170,0,2010-01-04T00:00:00.000Z,,82402,TRUE,FALSE,3,1,,,,,
99525977,0,2010-01-04T00:00:00.000Z,,83083,TRUE,FALSE,38,1,,,,,
99101185,2,2010-01-04T00:00:00.000Z,25774485,83128,FALSE,FALSE,100,1,330232,134078,373658,203302,81717
99062212,2,2010-01-04T00:00:00.000Z,25774485,83128,FALSE,FALSE,100,1,330232,134078,373658,203302,81717
99188581,1,2010-01-04T00:00:00.000Z,68639,83128,FALSE,FALSE,100,1,383197,119138,373658,203302,84702
99236191,1,2010-01-04T00:00:00.000Z,69781,83128,FALSE,FALSE,82,1,375943,117951,373658,203302,85381
99195043,2,2010-01-04T00:00:00.000Z,25774485,83128,FALSE,FALSE,100,1,330232,134078,373658,203302,81717
99323647,1,2010-01-04T00:00:00.000Z,69201,83128,FALSE,FALSE,82,1,370278,110220,373658,203302,93143
99323727,1,2010-01-04T00:00:00.000Z,69201,83128,FALSE,FALSE,82,1,370278,110220,373658,203302,93143
99275153,1,2010-01-04T00:00:00.000Z,68886,83128,FALSE,FALSE,82,1,383491,126448,373658,203302,77480
99277953,1,2010-01-04T00:00:00.000Z,69709,83128,FALSE,FALSE,82,1,379343,111194,373658,203302,92283
99281043,2,2010-01-04T00:00:00.000Z,25774485,83128,FALSE,FALSE,100,1,330232,134078,373658,203302,81717
99282256,1,2010-01-04T00:00:00.000Z,68689,83128,FALSE,FALSE,6,1,379529,128581,373658,203302,74951
99344310,2,2010-01-04T00:00:00.000Z,25774485,83128,FALSE,FALSE,82,1,330232,134078,373658,203302,81717
99487883,0,2010-01-04T00:00:00.000Z,,83477,TRUE,FALSE,38,1,,,,,
99666541,0,2010-01-04T00:00:00.000Z,,83480,TRUE,FALSE,2212,1,,,,,
99666514,0,2010-01-04T00:00:00.000Z,,83480,TRUE,FALSE,640,1,,,,,
91723663,2,2010-01-04T00:00:00.000Z,25774485,83500,FALSE,FALSE,135,1,330232,134078,383487,213437,95571
99475894,0,2010-01-04T00:00:00.000Z,,83586,TRUE,FALSE,15,1,,,,,
99481553,0,2010-01-04T00:00:00.000Z,,83586,TRUE,FALSE,50,1,,,,,
99448966,0,2010-01-04T00:00:00.000Z,,83826,TRUE,FALSE,8,1,,,,,
99525138,0,2010-01-04T00:00:00.000Z,,83993,TRUE,FALSE,371,1,,,,,
99570738,0,2010-01-04T00:00:00.000Z,,84289,TRUE,FALSE,869,1,,,,,
99523379,0,2010-01-04T00:00:00.000Z,,84906,TRUE,FALSE,2115,1,,,,,
99523395,0,2010-01-04T00:00:00.000Z,,84906,TRUE,FALSE,24,1,,,,,
99295050,1,2010-01-04T00:00:00.000Z,84906,85150,FALSE,FALSE,662,1,371522,222438,373232,222334,1713
99453249,0,2010-01-04T00:00:00.000Z,,85634,TRUE,FALSE,1715,1,,,,,
99454961,0,2010-01-04T00:00:00.000Z,,85658,TRUE,FALSE,513,1,,,,,
99454949,0,2010-01-04T00:00:00.000Z,,85658,TRUE,FALSE,527,1,,,,,
99454921,0,2010-01-04T00:00:00.000Z,,85658,TRUE,FALSE,513,1,,,,,
99596920,0,2010-01-04T00:00:00.000Z,,85730,TRUE,FALSE,438,1,,,,,
99437264,0,2010-01-04T00:00:00.000Z,,85861,TRUE,FALSE,44,1,,,,,
99544086,0,2010-01-04T00:00:00.000Z,,85903,TRUE,FALSE,31,1,,,,,
99542865,0,2010-01-04T00:00:00.000Z,,85990,TRUE,FALSE,109,1,,,,,
99542881,0,2010-01-04T00:00:00.000Z,,85990,TRUE,FALSE,157,1,,,,,
99608137,0,2010-01-04T00:00:00.000Z,,86070,TRUE,FALSE,828,1,,,,,
99479895,0,2010-01-04T00:00:00.000Z,,86191,TRUE,FALSE,899,1,,,,,
99479921,0,2010-01-04T00:00:00.000Z,,86191,TRUE,FALSE,682,1,,,,,
99468255,0,2010-01-04T00:00:00.000Z,,86930,TRUE,FALSE,812,1,,,,,
99468280,0,2010-01-04T00:00:00.000Z,,86930,TRUE,FALSE,812,1,,,,,
99468269,0,2010-01-04T00:00:00.000Z,,86930,TRUE,FALSE,2212,1,,,,,
99559736,0,2010-01-04T00:00:00.000Z,,87296,TRUE,FALSE,1902,1,,,,,
99516652,0,2010-01-04T00:00:00.000Z,,87299,TRUE,FALSE,151,1,,,,,
99516625,0,2010-01-04T00:00:00.000Z,,87299,TRUE,FALSE,2212,1,,,,,
99561200,0,2010-01-04T00:00:00.000Z,,87326,TRUE,FALSE,105,1,,,,,
81800696,2,2010-01-04T00:00:00.000Z,1425533,87410,FALSE,FALSE,0,0,,,381020,210577,
99465836,0,2010-01-04T00:00:00.000Z,,87453,TRUE,FALSE,38,1,,,,,
99686515,0,2010-01-04T00:00:00.000Z,,87521,TRUE,FALSE,687,1,,,,,
99580372,0,2010-01-04T00:00:00.000Z,,87559,TRUE,FALSE,22,1,,,,,
99531406,0,2010-01-04T00:00:00.000Z,,87961,TRUE,FALSE,22,1,,,,,
99518209,0,2010-01-04T00:00:00.000Z,,87964,TRUE,FALSE,610,1,,,,,
99583474,0,2010-01-04T00:00:00.000Z,,88039,TRUE,FALSE,756,1,,,,,
99583485,0,2010-01-04T00:00:00.000Z,,88039,TRUE,FALSE,756,1,,,,,
99417680,0,2010-01-04T00:00:00.000Z,,88127,TRUE,FALSE,637,1,,,,,
99505845,0,2010-01-04T00:00:00.000Z,,88320,TRUE,FALSE,2212,1,,,,,
99510976,0,2010-01-04T00:00:00.000Z,,88642,TRUE,FALSE,869,1,,,,,
99559703,0,2010-01-04T00:00:00.000Z,,108880,TRUE,FALSE,330,1,,,,,
99488089,0,2010-01-04T00:00:00.000Z,,178558,TRUE,FALSE,500,1,,,,,
99121420,1,2010-01-04T00:00:00.000Z,68626,178569,FALSE,FALSE,1256,1,382848,119169,371687,188633,70354
99121395,1,2010-01-04T00:00:00.000Z,68626,178569,FALSE,FALSE,842,1,382848,119169,371687,188633,70354
99341073,1,2010-01-04T00:00:00.000Z,68886,178569,FALSE,FALSE,926,1,383491,126448,371687,188633,63295
87054222,2,2010-01-04T00:00:00.000Z,103016,382100,FALSE,FALSE,1,1,361021,224270,365053,213599,11407
87834497,5,2010-01-04T00:00:00.000Z,103016,382100,FALSE,FALSE,1,1,361021,224270,365053,213599,11407
87355820,3,2010-01-04T00:00:00.000Z,103016,382100,FALSE,FALSE,0,1,361021,224270,365053,213599,11407
87360023,5,2010-01-04T00:00:00.000Z,83938,382100,FALSE,FALSE,3,1,378931,217037,365053,213599,14297
87993223,3,2010-01-04T00:00:00.000Z,297846,382100,FALSE,FALSE,0,1,332773,203971,365053,213599,33685
88927530,4,2010-01-04T00:00:00.000Z,103016,382100,FALSE,FALSE,1,1,361021,224270,365053,213599,11407
89264186,4,2010-01-04T00:00:00.000Z,103016,382100,FALSE,FALSE,1,1,361021,224270,365053,213599,11407
88897966,3,2010-01-04T00:00:00.000Z,98814,382100,FALSE,FALSE,0,1,338681,228701,365053,213599,30390
89147656,2,2010-01-04T00:00:00.000Z,98814,382100,FALSE,FALSE,0,1,338681,228701,365053,213599,30390
90974758,1,2010-01-04T00:00:00.000Z,297846,382100,FALSE,FALSE,0,1,332773,203971,365053,213599,33685
90974704,1,2010-01-04T00:00:00.000Z,297846,382100,FALSE,FALSE,0,1,332773,203971,365053,213599,33685
91178326,2,2010-01-04T00:00:00.000Z,297846,382100,FALSE,FALSE,0,1,332773,203971,365053,213599,33685
91867547,1,2010-01-04T00:00:00.000Z,297846,382100,FALSE,FALSE,0,1,332773,203971,365053,213599,33685
91867539,1,2010-01-04T00:00:00.000Z,297846,382100,FALSE,FALSE,0,1,332773,203971,365053,213599,33685
9460087,4,2010-01-04T00:00:00.000Z,83500,382186,FALSE,FALSE,0,1,383487,213437,383487,213437,0
10155173,2,2010-01-04T00:00:00.000Z,81366,382186,FALSE,FALSE,0,1,369195,198822,383487,213437,20441
10258744,4,2010-01-04T00:00:00.000Z,103016,382186,FALSE,FALSE,3,1,361021,224270,383487,213437,24941
10201864,3,2010-01-04T00:00:00.000Z,83500,382186,FALSE,FALSE,0,1,383487,213437,383487,213437,0
14575051,3,2010-01-04T00:00:00.000Z,83500,382186,FALSE,FALSE,0,1,383487,213437,383487,213437,0
21632312,2,2010-01-04T00:00:00.000Z,81366,382186,FALSE,FALSE,0,1,369195,198822,383487,213437,20441
26069103,2,2010-01-04T00:00:00.000Z,25748553,382186,FALSE,FALSE,0,1,414980,228418,383487,213437,34874
29240493,6,2010-01-04T00:00:00.000Z,83500,382186,FALSE,FALSE,0,1,383487,213437,383487,213437,0
29741999,5,2010-01-04T00:00:00.000Z,83500,382186,FALSE,FALSE,0,1,383487,213437,383487,213437,0
73807026,6,2010-01-04T00:00:00.000Z,25774485,382186,FALSE,FALSE,3,1,330232,134078,383487,213437,95571
74482149,3,2010-01-04T00:00:00.000Z,83500,382186,FALSE,FALSE,0,1,383487,213437,383487,213437,0
74749288,5,2010-01-04T00:00:00.000Z,25774485,382186,FALSE,FALSE,3,1,330232,134078,383487,213437,95571
74766602,5,2010-01-04T00:00:00.000Z,25774485,382186,FALSE,FALSE,3,1,330232,134078,383487,213437,95571
75183365,5,2010-01-04T00:00:00.000Z,25774485,382186,FALSE,FALSE,3,1,330232,134078,383487,213437,95571
75139569,6,2010-01-04T00:00:00.000Z,25774485,382186,FALSE,FALSE,3,1,330232,134078,383487,213437,95571
75389921,5,2010-01-04T00:00:00.000Z,25774485,382186,FALSE,FALSE,3,1,330232,134078,383487,213437,95571
75332755,6,2010-01-04T00:00:00.000Z,25774485,382186,FALSE,FALSE,3,1,330232,134078,383487,213437,95571
77598062,3,2010-01-04T00:00:00.000Z,83500,382186,FALSE,FALSE,0,1,383487,213437,383487,213437,0
80230984,4,2010-01-04T00:00:00.000Z,103016,382186,FALSE,FALSE,1,1,361021,224270,383487,213437,24941
81352900,3,2010-01-04T00:00:00.000Z,81992,382186,FALSE,FALSE,1,1,396802,214996,383487,213437,13405
82972322,2,2010-01-04T00:00:00.000Z,103016,382186,FALSE,FALSE,2,1,361021,224270,383487,213437,24941
83658989,2,2010-01-04T00:00:00.000Z,25774485,382186,FALSE,FALSE,2,1,330232,134078,383487,213437,95571
84043115,7,2010-01-04T00:00:00.000Z,81992,382186,FALSE,FALSE,1,1,396802,214996,383487,213437,13405
84043458,5,2010-01-04T00:00:00.000Z,81992,382186,FALSE,FALSE,1,1,396802,214996,383487,213437,13405
83902418,3,2010-01-04T00:00:00.000Z,81992,382186,FALSE,FALSE,1,1,396802,214996,383487,213437,13405
84297322,3,2010-01-04T00:00:00.000Z,81992,382186,FALSE,FALSE,1,1,396802,214996,383487,213437,13405
84394678,3,2010-01-04T00:00:00.000Z,81992,382186,FALSE,FALSE,1,1,396802,214996,383487,213437,13405
84270273,4,2010-01-04T00:00:00.000Z,81992,382186,FALSE,FALSE,1,1,396802,214996,383487,213437,13405
84394600,3,2010-01-04T00:00:00.000Z,81992,382186,FALSE,FALSE,1,1,396802,214996,383487,213437,13405
85517638,3,2010-01-04T00:00:00.000Z,81992,382186,FALSE,FALSE,1,1,396802,214996,383487,213437,13405
85757206,5,2010-01-04T00:00:00.000Z,81992,382186,FALSE,FALSE,1,1,396802,214996,383487,213437,13405
85931173,3,2010-01-04T00:00:00.000Z,81992,382186,FALSE,FALSE,1,1,396802,214996,383487,213437,13405
85714216,3,2010-01-04T00:00:00.000Z,103016,382186,FALSE,FALSE,1,1,361021,224270,383487,213437,24941
86026642,2,2010-01-04T00:00:00.000Z,81992,382186,FALSE,FALSE,1,1,396802,214996,383487,213437,13405
87049726,5,2010-01-04T00:00:00.000Z,25774485,382186,FALSE,FALSE,1,1,330232,134078,383487,213437,95571
87125188,2,2010-01-04T00:00:00.000Z,25774485,382186,FALSE,FALSE,2,1,330232,134078,383487,213437,95571
87125075,2,2010-01-04T00:00:00.000Z,25774485,382186,FALSE,FALSE,1,1,330232,134078,383487,213437,95571
87125605,2,2010-01-04T00:00:00.000Z,25774485,382186,FALSE,FALSE,2,1,330232,134078,383487,213437,95571
87430851,7,2010-01-04T00:00:00.000Z,25774485,382186,FALSE,FALSE,1,1,330232,134078,383487,213437,95571
88410165,6,2010-01-04T00:00:00.000Z,25774485,382186,FALSE,FALSE,2,1,330232,134078,383487,213437,95571
88429500,6,2010-01-04T00:00:00.000Z,25774485,382186,FALSE,FALSE,2,1,330232,134078,383487,213437,95571
87822989,2,2010-01-04T00:00:00.000Z,25774485,382186,FALSE,FALSE,2,1,330232,134078,383487,213437,95571
88017715,6,2010-01-04T00:00:00.000Z,25774485,382186,FALSE,FALSE,1,1,330232,134078,383487,213437,95571
88666129,4,2010-01-04T00:00:00.000Z,103016,382186,FALSE,FALSE,1,1,361021,224270,383487,213437,24941
89353563,2,2010-01-04T00:00:00.000Z,25774485,382186,FALSE,FALSE,2,1,330232,134078,383487,213437,95571
89535544,2,2010-01-04T00:00:00.000Z,25774485,382186,FALSE,FALSE,2,1,330232,134078,383487,213437,95571
89662752,4,2010-01-04T00:00:00.000Z,103016,382186,FALSE,FALSE,1,1,361021,224270,383487,213437,24941
89141123,4,2010-01-04T00:00:00.000Z,25774485,382186,FALSE,FALSE,1,1,330232,134078,383487,213437,95571
90238767,4,2010-01-04T00:00:00.000Z,25774485,382186,FALSE,FALSE,1,1,330232,134078,383487,213437,95571
90324242,4,2010-01-04T00:00:00.000Z,103016,382186,FALSE,FALSE,1,1,361021,224270,383487,213437,24941
90340771,3,2010-01-04T00:00:00.000Z,25774485,382186,FALSE,FALSE,1,1,330232,134078,383487,213437,95571
90410273,2,2010-01-04T00:00:00.000Z,25774485,382186,FALSE,FALSE,1,1,330232,134078,383487,213437,95571
89833096,2,2010-01-04T00:00:00.000Z,25774485,382186,FALSE,FALSE,2,1,330232,134078,383487,213437,95571
92647068,2,2010-01-04T00:00:00.000Z,25774485,382186,FALSE,FALSE,1,1,330232,134078,383487,213437,95571
92647139,2,2010-01-04T00:00:00.000Z,25774485,382186,FALSE,FALSE,1,1,330232,134078,383487,213437,95571
92647103,2,2010-01-04T00:00:00.000Z,25774485,382186,FALSE,FALSE,2,1,330232,134078,383487,213437,95571
93194994,4,2010-01-04T00:00:00.000Z,103016,382186,FALSE,FALSE,1,1,361021,224270,383487,213437,24941
89260837,1,2010-01-04T00:00:00.000Z,83108,382291,FALSE,FALSE,0,1,374580,204181,377405,205379,3068
90339246,3,2010-01-04T00:00:00.000Z,87297,382291,FALSE,FALSE,0,1,373553,209795,377405,205379,5859
90038065,3,2010-01-04T00:00:00.000Z,87297,382291,FALSE,FALSE,0,1,373553,209795,377405,205379,5859
91677648,2,2010-01-04T00:00:00.000Z,87297,382291,FALSE,FALSE,0,1,373553,209795,377405,205379,5859
99572485,0,2010-01-04T00:00:00.000Z,,408316,TRUE,FALSE,21,1,,,,,
99530372,0,2010-01-04T00:00:00.000Z,,1410674,TRUE,FALSE,899,1,,,,,
99586436,0,2010-01-04T00:00:00.000Z,,25746892,TRUE,FALSE,564,1,,,,,
99476914,0,2010-01-04T00:00:00.000Z,,25757700,TRUE,FALSE,1271,1,,,,,
99281043,1,2010-01-04T00:00:00.000Z,81363,25774485,FALSE,FALSE,0,1,369616,201692,330232,134078,78248
99281009,1,2010-01-04T00:00:00.000Z,81363,25774485,FALSE,FALSE,0,0,369616,201692,330232,134078,78248
82509023,2,2010-01-04T00:00:00.000Z,81366,,FALSE,TRUE,,1,,,,,
99559053,1,2010-01-04T00:00:00.000Z,81366,,FALSE,TRUE,,1,,,,,
83174331,1,2010-01-04T00:00:00.000Z,81379,25774485,FALSE,FALSE,0,1,368049,201419,330232,134078,77232
99115606,1,2010-01-04T00:00:00.000Z,81413,50506,FALSE,FALSE,821,1,364205,198235,259414,132529,123686
99361839,1,2010-01-04T00:00:00.000Z,81413,25774485,FALSE,FALSE,0,1,364205,198235,330232,134078,72596
99310865,1,2010-01-04T00:00:00.000Z,82402,,FALSE,TRUE,,1,,,,,
86948056,5,2010-01-04T00:00:00.000Z,82772,903920,FALSE,FALSE,0,1,357519,203916,307719,208767,50035
86955891,3,2010-01-04T00:00:00.000Z,82772,903920,FALSE,FALSE,0,1,357519,203916,307719,208767,50035
87141798,5,2010-01-04T00:00:00.000Z,82772,903920,FALSE,FALSE,0,1,357519,203916,307719,208767,50035
87181568,3,2010-01-04T00:00:00.000Z,82772,903920,FALSE,FALSE,0,1,357519,203916,307719,208767,50035
87182182,3,2010-01-04T00:00:00.000Z,82772,903920,FALSE,FALSE,0,1,357519,203916,307719,208767,50035
88093372,5,2010-01-04T00:00:00.000Z,82772,903920,FALSE,FALSE,0,1,357519,203916,307719,208767,50035
88046254,6,2010-01-04T00:00:00.000Z,82772,903920,FALSE,FALSE,0,1,357519,203916,307719,208767,50035
88053892,3,2010-01-04T00:00:00.000Z,82772,903920,FALSE,FALSE,0,1,357519,203916,307719,208767,50035
88058957,4,2010-01-04T00:00:00.000Z,82772,903920,FALSE,FALSE,0,1,357519,203916,307719,208767,50035
88285088,3,2010-01-04T00:00:00.000Z,82772,903920,FALSE,FALSE,0,1,357519,203916,307719,208767,50035
87943605,6,2010-01-04T00:00:00.000Z,82772,903920,FALSE,FALSE,0,1,357519,203916,307719,208767,50035
88016849,3,2010-01-04T00:00:00.000Z,82772,903920,FALSE,FALSE,0,1,357519,203916,307719,208767,50035
88016900,3,2010-01-04T00:00:00.000Z,82772,903920,FALSE,FALSE,0,1,357519,203916,307719,208767,50035
88797385,3,2010-01-04T00:00:00.000Z,82772,903920,FALSE,FALSE,0,1,357519,203916,307719,208767,50035
88545356,3,2010-01-04T00:00:00.000Z,82772,903920,FALSE,FALSE,0,1,357519,203916,307719,208767,50035
87100359,3,2010-01-04T00:00:00.000Z,82963,25789133,FALSE,FALSE,1,1,377470,200311,342868,126218,81774
87023377,3,2010-01-04T00:00:00.000Z,82963,25789133,FALSE,FALSE,1,1,377470,200311,342868,126218,81774
87374192,3,2010-01-04T00:00:00.000Z,82963,25789133,FALSE,FALSE,1,1,377470,200311,342868,126218,81774
87374295,3,2010-01-04T00:00:00.000Z,82963,25789133,FALSE,FALSE,1,1,377470,200311,342868,126218,81774
87377224,3,2010-01-04T00:00:00.000Z,82963,25789133,FALSE,FALSE,1,1,377470,200311,342868,126218,81774
87128643,1,2010-01-04T00:00:00.000Z,83402,903920,FALSE,FALSE,1,1,413507,203673,307719,208767,105910
87236203,1,2010-01-04T00:00:00.000Z,83402,903920,FALSE,FALSE,1,1,413507,203673,307719,208767,105910
87318902,1,2010-01-04T00:00:00.000Z,83402,903920,FALSE,FALSE,1,1,413507,203673,307719,208767,105910
87686573,1,2010-01-04T00:00:00.000Z,83402,903920,FALSE,FALSE,1,1,413507,203673,307719,208767,105910
88187636,1,2010-01-04T00:00:00.000Z,83402,903920,FALSE,FALSE,1,1,413507,203673,307719,208767,105910
88200956,1,2010-01-04T00:00:00.000Z,83402,903920,FALSE,FALSE,1,1,413507,203673,307719,208767,105910
94434040,1,2010-01-04T00:00:00.000Z,83490,,FALSE,TRUE,,1,,,,,
13277190,1,2010-01-04T00:00:00.000Z,83549,,FALSE,TRUE,,1,,,,,
24375889,3,2010-01-04T00:00:00.000Z,83586,103016,FALSE,FALSE,0,1,376821,218148,361021,224270,16944
90993570,4,2010-01-04T00:00:00.000Z,83586,103016,FALSE,FALSE,0,1,376821,218148,361021,224270,16944
6778542,2,2010-01-04T00:00:00.000Z,83586,103016,FALSE,FALSE,0,0,376821,218148,361021,224270,16944
30000785,1,2010-01-04T00:00:00.000Z,83639,,FALSE,TRUE,,1,,,,,
98478597,1,2010-01-04T00:00:00.000Z,83826,,FALSE,TRUE,,1,,,,,
87198893,5,2010-01-04T00:00:00.000Z,83938,903920,FALSE,FALSE,1,1,378931,217037,307719,208767,71690
87025176,5,2010-01-04T00:00:00.000Z,83938,903920,FALSE,FALSE,1,1,378931,217037,307719,208767,71690
88086253,8,2010-01-04T00:00:00.000Z,83938,903920,FALSE,FALSE,1,1,378931,217037,307719,208767,71690
88252338,2,2010-01-04T00:00:00.000Z,83938,903920,FALSE,FALSE,1,1,378931,217037,307719,208767,71690
88481419,4,2010-01-04T00:00:00.000Z,83938,903920,FALSE,FALSE,1,1,378931,217037,307719,208767,71690
88780435,1,2010-01-04T00:00:00.000Z,83938,903920,FALSE,FALSE,1,1,378931,217037,307719,208767,71690
88735611,4,2010-01-04T00:00:00.000Z,83938,903920,FALSE,FALSE,1,1,378931,217037,307719,208767,71690
88970502,1,2010-01-04T00:00:00.000Z,83938,903920,FALSE,FALSE,1,1,378931,217037,307719,208767,71690
88215261,4,2010-01-04T00:00:00.000Z,83938,903920,FALSE,FALSE,1,1,378931,217037,307719,208767,71690
89571001,3,2010-01-04T00:00:00.000Z,83938,903920,FALSE,FALSE,1,1,378931,217037,307719,208767,71690
89890052,5,2010-01-04T00:00:00.000Z,83938,903920,FALSE,FALSE,1,1,378931,217037,307719,208767,71690
90854228,3,2010-01-04T00:00:00.000Z,83938,903920,FALSE,FALSE,1,1,378931,217037,307719,208767,71690
92072645,3,2010-01-04T00:00:00.000Z,83938,903920,FALSE,FALSE,1,1,378931,217037,307719,208767,71690
77851025,1,2010-01-04T00:00:00.000Z,84018,,FALSE,TRUE,,1,,,,,
85778482,3,2010-01-04T00:00:00.000Z,84050,25789133,FALSE,FALSE,1,1,386856,214139,342868,126218,98310
87391440,1,2010-01-04T00:00:00.000Z,84050,25789133,FALSE,FALSE,1,1,386856,214139,342868,126218,98310
87391957,1,2010-01-04T00:00:00.000Z,84050,25789133,FALSE,FALSE,1,1,386856,214139,342868,126218,98310
86989551,1,2010-01-04T00:00:00.000Z,84050,25789133,FALSE,FALSE,1,1,386856,214139,342868,126218,98310
87779448,3,2010-01-04T00:00:00.000Z,84050,25789133,FALSE,FALSE,1,1,386856,214139,342868,126218,98310
87664394,3,2010-01-04T00:00:00.000Z,84050,25789133,FALSE,FALSE,1,1,386856,214139,342868,126218,98310
87867342,2,2010-01-04T00:00:00.000Z,84050,25789133,FALSE,FALSE,1,1,386856,214139,342868,126218,98310
88044821,3,2010-01-04T00:00:00.000Z,84050,25789133,FALSE,FALSE,1,1,386856,214139,342868,126218,98310
87001493,3,2010-01-04T00:00:00.000Z,84091,381724,FALSE,FALSE,0,1,361790,200572,340068,328196,129459
86898595,6,2010-01-04T00:00:00.000Z,84091,381724,FALSE,FALSE,0,1,361790,200572,340068,328196,129459
87102380,3,2010-01-04T00:00:00.000Z,84091,381724,FALSE,FALSE,0,1,361790,200572,340068,328196,129459
87117266,3,2010-01-04T00:00:00.000Z,84091,381724,FALSE,FALSE,0,1,361790,200572,340068,328196,129459
87011692,3,2010-01-04T00:00:00.000Z,84091,381724,FALSE,FALSE,0,1,361790,200572,340068,328196,129459
87126923,4,2010-01-04T00:00:00.000Z,84091,381724,FALSE,FALSE,0,1,361790,200572,340068,328196,129459
87082807,5,2010-01-04T00:00:00.000Z,84091,381724,FALSE,FALSE,0,1,361790,200572,340068,328196,129459
87038730,3,2010-01-04T00:00:00.000Z,84091,381724,FALSE,FALSE,0,1,361790,200572,340068,328196,129459
87162735,3,2010-01-04T00:00:00.000Z,84091,381724,FALSE,FALSE,0,1,361790,200572,340068,328196,129459
87252240,3,2010-01-04T00:00:00.000Z,84091,381724,FALSE,FALSE,0,1,361790,200572,340068,328196,129459
86973424,5,2010-01-04T00:00:00.000Z,84091,381724,FALSE,FALSE,0,1,361790,200572,340068,328196,129459
86976726,5,2010-01-04T00:00:00.000Z,84091,381724,FALSE,FALSE,0,1,361790,200572,340068,328196,129459
87270530,3,2010-01-04T00:00:00.000Z,84091,381724,FALSE,FALSE,0,1,361790,200572,340068,328196,129459
86991109,4,2010-01-04T00:00:00.000Z,84091,381724,FALSE,FALSE,0,1,361790,200572,340068,328196,129459
86935692,3,2010-01-04T00:00:00.000Z,84091,381724,FALSE,FALSE,0,1,361790,200572,340068,328196,129459
87667266,3,2010-01-04T00:00:00.000Z,84091,381724,FALSE,FALSE,0,1,361790,200572,340068,328196,129459
87667222,3,2010-01-04T00:00:00.000Z,84091,381724,FALSE,FALSE,0,1,361790,200572,340068,328196,129459
88045637,4,2010-01-04T00:00:00.000Z,84091,381724,FALSE,FALSE,0,1,361790,200572,340068,328196,129459
88229400,5,2010-01-04T00:00:00.000Z,84091,381724,FALSE,FALSE,0,1,361790,200572,340068,328196,129459
88778616,3,2010-01-04T00:00:00.000Z,84091,381724,FALSE,FALSE,0,1,361790,200572,340068,328196,129459
88262760,7,2010-01-04T00:00:00.000Z,84091,381724,FALSE,FALSE,0,0,361790,200572,340068,328196,129459
95813216,2,2010-01-04T00:00:00.000Z,84830,,FALSE,TRUE,,1,,,,,
19892550,5,2010-01-04T00:00:00.000Z,84883,103016,FALSE,FALSE,0,1,375956,224438,361021,224270,14935
25962888,1,2010-01-04T00:00:00.000Z,84883,103016,FALSE,FALSE,0,1,375956,224438,361021,224270,14935
2913832,4,2010-01-04T00:00:00.000Z,84883,103016,FALSE,FALSE,0,0,375956,224438,361021,224270,14935
88796761,3,2010-01-04T00:00:00.000Z,85077,25789133,FALSE,FALSE,1,1,370790,227732,342868,126218,105284
91160118,3,2010-01-04T00:00:00.000Z,85077,25789133,FALSE,FALSE,1,1,370790,227732,342868,126218,105284
91933163,3,2010-01-04T00:00:00.000Z,85077,25789133,FALSE,FALSE,1,1,370790,227732,342868,126218,105284
92272263,7,2010-01-04T00:00:00.000Z,85077,25789133,FALSE,FALSE,1,1,370790,227732,342868,126218,105284
93095399,3,2010-01-04T00:00:00.000Z,85077,25789133,FALSE,FALSE,1,1,370790,227732,342868,126218,105284
92482103,4,2010-01-04T00:00:00.000Z,85077,25789133,FALSE,FALSE,1,1,370790,227732,342868,126218,105284
72152536,1,2010-01-04T00:00:00.000Z,85140,,FALSE,TRUE,,1,,,,,
99327298,1,2010-01-04T00:00:00.000Z,85146,,FALSE,TRUE,,1,,,,,
87963780,1,2010-01-04T00:00:00.000Z,85494,,FALSE,TRUE,,1,,,,,
89329776,1,2010-01-04T00:00:00.000Z,85494,,FALSE,TRUE,,1,,,,,
98718553,1,2010-01-04T00:00:00.000Z,85494,,FALSE,TRUE,,1,,,,,
89221117,3,2010-01-04T00:00:00.000Z,85592,,FALSE,TRUE,,1,,,,,
91851627,3,2010-01-04T00:00:00.000Z,85592,,FALSE,TRUE,,1,,,,,
91942723,3,2010-01-04T00:00:00.000Z,85592,,FALSE,TRUE,,1,,,,,
92026625,1,2010-01-04T00:00:00.000Z,85607,903920,FALSE,FALSE,1,1,374070,214546,307719,208767,66602
92829027,1,2010-01-04T00:00:00.000Z,85607,903920,FALSE,FALSE,1,1,374070,214546,307719,208767,66602
89859726,3,2010-01-04T00:00:00.000Z,85715,25789133,FALSE,FALSE,1,1,374515,211562,342868,126218,91022
88086202,1,2010-01-04T00:00:00.000Z,85766,,FALSE,TRUE,,1,,,,,
5164602,5,2010-01-04T00:00:00.000Z,86283,1434082,FALSE,FALSE,2,1,417288,230941,,,
5164599,5,2010-01-04T00:00:00.000Z,86283,1434082,FALSE,FALSE,2,1,417288,230941,,,
18413253,2,2010-01-04T00:00:00.000Z,86283,1434082,FALSE,FALSE,2,1,417288,230941,,,
22459517,1,2010-01-04T00:00:00.000Z,86283,1434082,FALSE,FALSE,2,1,417288,230941,,,
23488098,4,2010-01-04T00:00:00.000Z,86283,1434082,FALSE,FALSE,2,1,417288,230941,,,
26544580,1,2010-01-04T00:00:00.000Z,86283,1434082,FALSE,FALSE,2,1,417288,230941,,,
73587421,3,2010-01-04T00:00:00.000Z,86283,1434082,FALSE,FALSE,2,1,417288,230941,,,
73504320,3,2010-01-04T00:00:00.000Z,86283,1434082,FALSE,FALSE,2,1,417288,230941,,,
73504860,3,2010-01-04T00:00:00.000Z,86283,1434082,FALSE,FALSE,2,1,417288,230941,,,
73319962,3,2010-01-04T00:00:00.000Z,86283,1434082,FALSE,FALSE,2,1,417288,230941,,,
73319824,3,2010-01-04T00:00:00.000Z,86283,1434082,FALSE,FALSE,2,1,417288,230941,,,
78733805,1,2010-01-04T00:00:00.000Z,86283,1434082,FALSE,FALSE,3,1,417288,230941,,,
81890449,3,2010-01-04T00:00:00.000Z,86283,1434082,FALSE,FALSE,1,1,417288,230941,,,
3049483,1,2010-01-04T00:00:00.000Z,86283,1434082,FALSE,FALSE,1,0,417288,230941,,,
92646792,1,2010-01-04T00:00:00.000Z,86396,25749886,FALSE,FALSE,2212,1,388100,206222,326987,313795,123720
83804506,7,2010-01-04T00:00:00.000Z,86470,103016,FALSE,FALSE,0,1,389968,204769,361021,224270,34902
84572890,5,2010-01-04T00:00:00.000Z,86470,103016,FALSE,FALSE,0,1,389968,204769,361021,224270,34902
84727496,3,2010-01-04T00:00:00.000Z,86470,103016,FALSE,FALSE,0,1,389968,204769,361021,224270,34902
83870035,3,2010-01-04T00:00:00.000Z,86470,103016,FALSE,FALSE,0,1,389968,204769,361021,224270,34902
84938671,3,2010-01-04T00:00:00.000Z,86470,103016,FALSE,FALSE,0,1,389968,204769,361021,224270,34902
85310390,3,2010-01-04T00:00:00.000Z,86470,103016,FALSE,FALSE,0,1,389968,204769,361021,224270,34902
85073532,4,2010-01-04T00:00:00.000Z,86470,103016,FALSE,FALSE,0,1,389968,204769,361021,224270,34902
85455921,3,2010-01-04T00:00:00.000Z,86470,103016,FALSE,FALSE,0,1,389968,204769,361021,224270,34902
85886053,3,2010-01-04T00:00:00.000Z,86470,103016,FALSE,FALSE,0,1,389968,204769,361021,224270,34902
86076393,3,2010-01-04T00:00:00.000Z,86470,103016,FALSE,FALSE,0,1,389968,204769,361021,224270,34902
86377219,3,2010-01-04T00:00:00.000Z,86470,103016,FALSE,FALSE,0,1,389968,204769,361021,224270,34902
86076859,3,2010-01-04T00:00:00.000Z,86470,103016,FALSE,FALSE,0,1,389968,204769,361021,224270,34902
77626150,6,2010-01-04T00:00:00.000Z,86750,103016,FALSE,FALSE,0,1,383848,207647,361021,224270,28238
85335754,3,2010-01-04T00:00:00.000Z,86750,103016,FALSE,FALSE,0,1,383848,207647,361021,224270,28238
85714216,2,2010-01-04T00:00:00.000Z,86750,103016,FALSE,FALSE,0,1,383848,207647,361021,224270,28238
85554826,3,2010-01-04T00:00:00.000Z,86750,103016,FALSE,FALSE,0,1,383848,207647,361021,224270,28238
86570131,3,2010-01-04T00:00:00.000Z,86750,103016,FALSE,FALSE,0,1,383848,207647,361021,224270,28238
86383124,5,2010-01-04T00:00:00.000Z,86750,103016,FALSE,FALSE,0,1,383848,207647,361021,224270,28238
86996297,3,2010-01-04T00:00:00.000Z,86750,103016,FALSE,FALSE,0,1,383848,207647,361021,224270,28238
87258320,3,2010-01-04T00:00:00.000Z,86750,103016,FALSE,FALSE,0,1,383848,207647,361021,224270,28238
87311047,3,2010-01-04T00:00:00.000Z,86750,103016,FALSE,FALSE,0,1,383848,207647,361021,224270,28238
87424056,5,2010-01-04T00:00:00.000Z,86750,103016,FALSE,FALSE,0,1,383848,207647,361021,224270,28238
87834497,4,2010-01-04T00:00:00.000Z,86750,103016,FALSE,FALSE,0,1,383848,207647,361021,224270,28238
87351710,5,2010-01-04T00:00:00.000Z,86750,103016,FALSE,FALSE,0,1,383848,207647,361021,224270,28238
87468960,4,2010-01-04T00:00:00.000Z,86750,103016,FALSE,FALSE,0,1,383848,207647,361021,224270,28238
88446939,3,2010-01-04T00:00:00.000Z,86750,103016,FALSE,FALSE,0,1,383848,207647,361021,224270,28238
89090873,3,2010-01-04T00:00:00.000Z,86750,103016,FALSE,FALSE,0,1,383848,207647,361021,224270,28238
89613290,3,2010-01-04T00:00:00.000Z,86750,103016,FALSE,FALSE,0,1,383848,207647,361021,224270,28238
90744867,3,2010-01-04T00:00:00.000Z,86750,103016,FALSE,FALSE,0,1,383848,207647,361021,224270,28238
29818978,1,2010-01-04T00:00:00.000Z,86849,,FALSE,TRUE,,1,,,,,
87400825,1,2010-01-04T00:00:00.000Z,87048,,FALSE,TRUE,,1,,,,,
81800696,3,2010-01-04T00:00:00.000Z,87410,,FALSE,TRUE,,0,,,,,
83831240,1,2010-01-04T00:00:00.000Z,87453,,FALSE,TRUE,,1,,,,,
99054278,1,2010-01-04T00:00:00.000Z,87519,,FALSE,TRUE,,1,,,,,
74136298,1,2010-01-04T00:00:00.000Z,87788,1434082,FALSE,FALSE,2,1,412327,229152,,,
98798364,1,2010-01-04T00:00:00.000Z,87959,,FALSE,TRUE,,1,,,,,
99220864,1,2010-01-04T00:00:00.000Z,87962,25774485,FALSE,FALSE,0,1,374950,190179,330232,134078,71742
99304881,1,2010-01-04T00:00:00.000Z,87962,25774485,FALSE,FALSE,0,1,374950,190179,330232,134078,71742
99344310,1,2010-01-04T00:00:00.000Z,177329,25774485,FALSE,FALSE,0,1,367331,188110,330232,134078,65542
99324174,1,2010-01-04T00:00:00.000Z,177334,25774485,FALSE,FALSE,0,1,366489,188097,330232,134078,65058
99188219,1,2010-01-04T00:00:00.000Z,177711,,FALSE,TRUE,,1,,,,,
83075816,2,2010-01-04T00:00:00.000Z,178577,,FALSE,TRUE,,1,,,,,
99357265,1,2010-01-04T00:00:00.000Z,178584,25774485,FALSE,FALSE,0,1,369141,193263,330232,134078,70829
99357272,1,2010-01-04T00:00:00.000Z,178584,25774485,FALSE,FALSE,0,1,369141,193263,330232,134078,70829
99357254,1,2010-01-04T00:00:00.000Z,178584,25774485,FALSE,FALSE,0,1,369141,193263,330232,134078,70829
99289157,1,2010-01-04T00:00:00.000Z,178584,25774485,FALSE,FALSE,0,1,369141,193263,330232,134078,70829
87813527,1,2010-01-04T00:00:00.000Z,178773,382243,FALSE,FALSE,0,1,368309,191658,,,
87813879,1,2010-01-04T00:00:00.000Z,178773,382243,FALSE,FALSE,0,1,368309,191658,,,
89851617,1,2010-01-04T00:00:00.000Z,178773,382243,FALSE,FALSE,0,1,368309,191658,,,
89851630,1,2010-01-04T00:00:00.000Z,178773,382243,FALSE,FALSE,0,1,368309,191658,,,
99305472,1,2010-01-04T00:00:00.000Z,178791,25774485,FALSE,FALSE,0,1,364562,195229,330232,134078,70128
99305509,1,2010-01-04T00:00:00.000Z,178791,25774485,FALSE,FALSE,0,1,364562,195229,330232,134078,70128
99306197,1,2010-01-04T00:00:00.000Z,178791,25774485,FALSE,FALSE,0,1,364562,195229,330232,134078,70128
99305531,1,2010-01-04T00:00:00.000Z,178791,25774485,FALSE,FALSE,0,1,364562,195229,330232,134078,70128
99306184,1,2010-01-04T00:00:00.000Z,178791,25774485,FALSE,FALSE,0,1,364562,195229,330232,134078,70128
22485310,1,2010-01-04T00:00:00.000Z,178988,,FALSE,TRUE,,1,,,,,
99333906,1,2010-01-04T00:00:00.000Z,179055,25774485,FALSE,FALSE,0,1,365494,193625,330232,134078,69204
99333922,1,2010-01-04T00:00:00.000Z,179055,48900,FALSE,FALSE,884,1,365494,193625,323127,105440,97834
95890336,3,2010-01-04T00:00:00.000Z,228068,174611,FALSE,FALSE,57,1,423125,232116,435043,215916,20111
95930845,3,2010-01-04T00:00:00.000Z,228068,174611,FALSE,FALSE,57,1,423125,232116,435043,215916,20111
95890386,3,2010-01-04T00:00:00.000Z,228068,174611,FALSE,FALSE,57,1,423125,232116,435043,215916,20111
95890412,3,2010-01-04T00:00:00.000Z,228068,174611,FALSE,FALSE,57,1,423125,232116,435043,215916,20111
96125380,3,2010-01-04T00:00:00.000Z,228068,174611,FALSE,FALSE,57,1,423125,232116,435043,215916,20111
96125410,3,2010-01-04T00:00:00.000Z,228068,174611,FALSE,FALSE,57,1,423125,232116,435043,215916,20111
96129934,3,2010-01-04T00:00:00.000Z,228068,174611,FALSE,FALSE,57,1,423125,232116,435043,215916,20111
96134380,3,2010-01-04T00:00:00.000Z,228068,174611,FALSE,FALSE,57,1,423125,232116,435043,215916,20111
96210976,3,2010-01-04T00:00:00.000Z,228068,174611,FALSE,FALSE,57,1,423125,232116,435043,215916,20111
96443996,3,2010-01-04T00:00:00.000Z,228068,174611,FALSE,FALSE,57,1,423125,232116,435043,215916,20111
95807760,3,2010-01-04T00:00:00.000Z,228068,174611,FALSE,FALSE,99,1,423125,232116,435043,215916,20111
87355820,4,2010-01-04T00:00:00.000Z,382100,,FALSE,TRUE,,1,,,,,
87993223,4,2010-01-04T00:00:00.000Z,382100,,FALSE,TRUE,,1,,,,,
88897966,4,2010-01-04T00:00:00.000Z,382100,,FALSE,TRUE,,1,,,,,
89147656,3,2010-01-04T00:00:00.000Z,382100,,FALSE,TRUE,,1,,,,,
90974704,2,2010-01-04T00:00:00.000Z,382100,,FALSE,TRUE,,1,,,,,
90974758,2,2010-01-04T00:00:00.000Z,382100,,FALSE,TRUE,,1,,,,,
91178326,3,2010-01-04T00:00:00.000Z,382100,,FALSE,TRUE,,1,,,,,
91867539,2,2010-01-04T00:00:00.000Z,382100,,FALSE,TRUE,,1,,,,,
91867547,2,2010-01-04T00:00:00.000Z,382100,,FALSE,TRUE,,1,,,,,
7215124,5,2010-01-04T00:00:00.000Z,382186,,FALSE,TRUE,,1,,,,,
7779155,3,2010-01-04T00:00:00.000Z,382186,,FALSE,TRUE,,1,,,,,
9460087,5,2010-01-04T00:00:00.000Z,382186,,FALSE,TRUE,,1,,,,,
10155173,3,2010-01-04T00:00:00.000Z,382186,,FALSE,TRUE,,1,,,,,
10201864,4,2010-01-04T00:00:00.000Z,382186,,FALSE,TRUE,,1,,,,,
11743932,3,2010-01-04T00:00:00.000Z,382186,,FALSE,TRUE,,1,,,,,
13330375,6,2010-01-04T00:00:00.000Z,382186,,FALSE,TRUE,,1,,,,,
14970439,2,2010-01-04T00:00:00.000Z,382186,,FALSE,TRUE,,1,,,,,
14575051,4,2010-01-04T00:00:00.000Z,382186,,FALSE,TRUE,,1,,,,,
18886187,3,2010-01-04T00:00:00.000Z,382186,,FALSE,TRUE,,1,,,,,
20107662,2,2010-01-04T00:00:00.000Z,382186,,FALSE,TRUE,,1,,,,,
20179966,5,2010-01-04T00:00:00.000Z,382186,,FALSE,TRUE,,1,,,,,
21632312,3,2010-01-04T00:00:00.000Z,382186,,FALSE,TRUE,,1,,,,,
21537049,9,2010-01-04T00:00:00.000Z,382186,,FALSE,TRUE,,1,,,,,
22535876,2,2010-01-04T00:00:00.000Z,382186,,FALSE,TRUE,,1,,,,,
24369949,3,2010-01-04T00:00:00.000Z,382186,,FALSE,TRUE,,1,,,,,
24448278,3,2010-01-04T00:00:00.000Z,382186,,FALSE,TRUE,,1,,,,,
24353499,6,2010-01-04T00:00:00.000Z,382186,,FALSE,TRUE,,1,,,,,
24885471,3,2010-01-04T00:00:00.000Z,382186,,FALSE,TRUE,,1,,,,,
25193307,3,2010-01-04T00:00:00.000Z,382186,,FALSE,TRUE,,1,,,,,
25176514,3,2010-01-04T00:00:00.000Z,382186,,FALSE,TRUE,,1,,,,,
24955504,4,2010-01-04T00:00:00.000Z,382186,,FALSE,TRUE,,1,,,,,
26069103,3,2010-01-04T00:00:00.000Z,382186,,FALSE,TRUE,,1,,,,,
27332548,3,2010-01-04T00:00:00.000Z,382186,,FALSE,TRUE,,1,,,,,
27609547,3,2010-01-04T00:00:00.000Z,382186,,FALSE,TRUE,,1,,,,,
27891382,2,2010-01-04T00:00:00.000Z,382186,,FALSE,TRUE,,1,,,,,
29039024,7,2010-01-04T00:00:00.000Z,382186,,FALSE,TRUE,,1,,,,,
29273011,3,2010-01-04T00:00:00.000Z,382186,,FALSE,TRUE,,1,,,,,
29240493,7,2010-01-04T00:00:00.000Z,382186,,FALSE,TRUE,,1,,,,,
29189563,3,2010-01-04T00:00:00.000Z,382186,,FALSE,TRUE,,1,,,,,
29741999,6,2010-01-04T00:00:00.000Z,382186,,FALSE,TRUE,,1,,,,,
71468403,3,2010-01-04T00:00:00.000Z,382186,,FALSE,TRUE,,1,,,,,
71346942,3,2010-01-04T00:00:00.000Z,382186,,FALSE,TRUE,,1,,,,,
72234264,5,2010-01-04T00:00:00.000Z,382186,,FALSE,TRUE,,1,,,,,
74482149,4,2010-01-04T00:00:00.000Z,382186,,FALSE,TRUE,,1,,,,,
76595249,5,2010-01-04T00:00:00.000Z,382186,,FALSE,TRUE,,1,,,,,
77598062,4,2010-01-04T00:00:00.000Z,382186,,FALSE,TRUE,,1,,,,,
78411248,3,2010-01-04T00:00:00.000Z,382186,,FALSE,TRUE,,1,,,,,
3104887,2,2010-01-04T00:00:00.000Z,382186,,FALSE,TRUE,,0,,,,,
3104936,2,2010-01-04T00:00:00.000Z,382186,,FALSE,TRUE,,0,,,,,
3433691,5,2010-01-04T00:00:00.000Z,382186,,FALSE,TRUE,,0,,,,,
4973419,3,2010-01-04T00:00:00.000Z,382186,,FALSE,TRUE,,0,,,,,
6766111,3,2010-01-04T00:00:00.000Z,382186,,FALSE,TRUE,,0,,,,,
16030929,7,2010-01-04T00:00:00.000Z,382186,,FALSE,TRUE,,0,,,,,
88748654,3,2010-01-04T00:00:00.000Z,382291,,FALSE,TRUE,,1,,,,,
89260837,2,2010-01-04T00:00:00.000Z,382291,,FALSE,TRUE,,1,,,,,
89540281,3,2010-01-04T00:00:00.000Z,382291,,FALSE,TRUE,,1,,,,,
90339246,4,2010-01-04T00:00:00.000Z,382291,,FALSE,TRUE,,1,,,,,
90038065,4,2010-01-04T00:00:00.000Z,382291,,FALSE,TRUE,,1,,,,,
91677648,3,2010-01-04T00:00:00.000Z,382291,,FALSE,TRUE,,1,,,,,
99068858,2,2010-01-04T00:00:00.000Z,25789343,,FALSE,TRUE,,1,,,,,
82997126,2,2010-01-05T00:00:00.000Z,25754000,81272,FALSE,FALSE,1682,1,406638,198793,369313,197027,37366
82997201,2,2010-01-05T00:00:00.000Z,25754000,81272,FALSE,FALSE,1897,1,406638,198793,369313,197027,37366
99577210,0,2010-01-05T00:00:00.000Z,,81281,TRUE,FALSE,465,1,,,,,
82901342,2,2010-01-05T00:00:00.000Z,25754000,81366,FALSE,FALSE,702,1,406638,198793,369195,198822,37443
83996882,2,2010-01-05T00:00:00.000Z,25754000,81366,FALSE,FALSE,891,1,406638,198793,369195,198822,37443
83996814,2,2010-01-05T00:00:00.000Z,25754000,81366,FALSE,FALSE,2211,1,406638,198793,369195,198822,37443
83996779,2,2010-01-05T00:00:00.000Z,25754000,81366,FALSE,FALSE,1529,1,406638,198793,369195,198822,37443
99559286,0,2010-01-05T00:00:00.000Z,,81366,TRUE,FALSE,84,1,,,,,
99559077,0,2010-01-05T00:00:00.000Z,,81366,TRUE,FALSE,12,1,,,,,
99582822,0,2010-01-05T00:00:00.000Z,,81376,TRUE,FALSE,692,1,,,,,
87245184,2,2010-01-05T00:00:00.000Z,25754000,81420,FALSE,FALSE,16,1,406638,198793,367994,198176,38648
87580761,2,2010-01-05T00:00:00.000Z,25754000,81420,FALSE,FALSE,414,1,406638,198793,367994,198176,38648
87351266,2,2010-01-05T00:00:00.000Z,25754000,81420,FALSE,FALSE,16,1,406638,198793,367994,198176,38648
87802823,2,2010-01-05T00:00:00.000Z,25754000,81420,FALSE,FALSE,38,1,406638,198793,367994,198176,38648
87802888,2,2010-01-05T00:00:00.000Z,25754000,81420,FALSE,FALSE,16,1,406638,198793,367994,198176,38648
88459575,2,2010-01-05T00:00:00.000Z,25754000,81420,FALSE,FALSE,21,1,406638,198793,367994,198176,38648
89300256,2,2010-01-05T00:00:00.000Z,25754000,81420,FALSE,FALSE,42,1,406638,198793,367994,198176,38648
89300272,2,2010-01-05T00:00:00.000Z,25754000,81420,FALSE,FALSE,63,1,406638,198793,367994,198176,38648
89465324,4,2010-01-05T00:00:00.000Z,25754000,81420,FALSE,FALSE,78,1,406638,198793,367994,198176,38648
89867093,4,2010-01-05T00:00:00.000Z,25754000,81420,FALSE,FALSE,16,1,406638,198793,367994,198176,38648
89482549,2,2010-01-05T00:00:00.000Z,25754000,81420,FALSE,FALSE,42,1,406638,198793,367994,198176,38648
90984254,2,2010-01-05T00:00:00.000Z,25754000,81420,FALSE,FALSE,10,1,406638,198793,367994,198176,38648
90371075,2,2010-01-05T00:00:00.000Z,25754000,81420,FALSE,FALSE,42,1,406638,198793,367994,198176,38648
91462917,2,2010-01-05T00:00:00.000Z,25754000,81420,FALSE,FALSE,42,1,406638,198793,367994,198176,38648
91651184,2,2010-01-05T00:00:00.000Z,25754000,81420,FALSE,FALSE,34,1,406638,198793,367994,198176,38648
92017426,2,2010-01-05T00:00:00.000Z,25754000,81420,FALSE,FALSE,42,1,406638,198793,367994,198176,38648
92246933,2,2010-01-05T00:00:00.000Z,25754000,81420,FALSE,FALSE,42,1,406638,198793,367994,198176,38648
92485762,2,2010-01-05T00:00:00.000Z,25754000,81420,FALSE,FALSE,56,1,406638,198793,367994,198176,38648
93173217,2,2010-01-05T00:00:00.000Z,25754000,81420,FALSE,FALSE,84,1,406638,198793,367994,198176,38648
99303123,2,2010-01-05T00:00:00.000Z,25754000,81861,FALSE,FALSE,870,1,406638,198793,398348,222195,24826
99561091,0,2010-01-05T00:00:00.000Z,,82101,TRUE,FALSE,17,1,,,,,
99526613,0,2010-01-05T00:00:00.000Z,,82147,TRUE,FALSE,17,1,,,,,
99542727,0,2010-01-05T00:00:00.000Z,,82399,TRUE,FALSE,28,1,,,,,
99475184,0,2010-01-05T00:00:00.000Z,,82402,TRUE,FALSE,17,1,,,,,
99475175,0,2010-01-05T00:00:00.000Z,,82402,TRUE,FALSE,2211,1,,,,,
99475191,0,2010-01-05T00:00:00.000Z,,82402,TRUE,FALSE,9,1,,,,,
99681152,0,2010-01-05T00:00:00.000Z,,82442,TRUE,FALSE,85,1,,,,,
88317334,4,2010-01-05T00:00:00.000Z,25754000,82772,FALSE,FALSE,97,1,406638,198793,357519,203916,49385
88012465,4,2010-01-05T00:00:00.000Z,25754000,82772,FALSE,FALSE,71,1,406638,198793,357519,203916,49385
89504567,4,2010-01-05T00:00:00.000Z,25754000,82772,FALSE,FALSE,139,1,406638,198793,357519,203916,49385
89620513,4,2010-01-05T00:00:00.000Z,25754000,82772,FALSE,FALSE,84,1,406638,198793,357519,203916,49385
99525932,0,2010-01-05T00:00:00.000Z,,83083,TRUE,FALSE,37,1,,,,,
99525957,0,2010-01-05T00:00:00.000Z,,83083,TRUE,FALSE,17,1,,,,,
99158863,2,2010-01-05T00:00:00.000Z,25754000,83318,FALSE,FALSE,1966,1,406638,198793,417035,199035,10399
99669854,0,2010-01-05T00:00:00.000Z,,83398,TRUE,FALSE,762,1,,,,,
99413943,1,2010-01-05T00:00:00.000Z,84018,83490,FALSE,FALSE,345,1,383242,222488,384454,223357,1491
30477534,2,2010-01-05T00:00:00.000Z,25774485,83500,FALSE,FALSE,142,1,330232,134078,383487,213437,95571
76563785,7,2010-01-05T00:00:00.000Z,25774485,83500,FALSE,FALSE,69,1,330232,134078,383487,213437,95571
76996857,2,2010-01-05T00:00:00.000Z,25774485,83500,FALSE,FALSE,69,1,330232,134078,383487,213437,95571
89160318,4,2010-01-05T00:00:00.000Z,25754000,83523,FALSE,FALSE,629,1,406638,198793,383875,208211,24634
90170337,4,2010-01-05T00:00:00.000Z,25754000,83523,FALSE,FALSE,590,1,406638,198793,383875,208211,24634
99630737,0,2010-01-05T00:00:00.000Z,,83581,TRUE,FALSE,792,1,,,,,
99556201,0,2010-01-05T00:00:00.000Z,,83688,TRUE,FALSE,1240,1,,,,,
99556212,0,2010-01-05T00:00:00.000Z,,83688,TRUE,FALSE,398,1,,,,,
99560510,0,2010-01-05T00:00:00.000Z,,83689,TRUE,FALSE,301,1,,,,,
99560527,0,2010-01-05T00:00:00.000Z,,83689,TRUE,FALSE,301,1,,,,,
99448991,0,2010-01-05T00:00:00.000Z,,83826,TRUE,FALSE,2071,1,,,,,
90944702,3,2010-01-05T00:00:00.000Z,25754000,84126,FALSE,FALSE,190,1,406638,198793,356876,202294,49885
29800070,3,2010-01-05T00:00:00.000Z,25754000,84247,FALSE,FALSE,2211,1,406638,198793,356102,199826,50546
99313291,2,2010-01-05T00:00:00.000Z,25754000,84289,FALSE,FALSE,868,1,406638,198793,357346,199177,49293
99313357,2,2010-01-05T00:00:00.000Z,25754000,84289,FALSE,FALSE,784,1,406638,198793,357346,199177,49293
99316106,2,2010-01-05T00:00:00.000Z,25754000,84289,FALSE,FALSE,784,1,406638,198793,357346,199177,49293
99306270,2,2010-01-05T00:00:00.000Z,25749812,84709,FALSE,FALSE,622,1,389175,176751,368983,231289,58155
99325238,2,2010-01-05T00:00:00.000Z,25749812,84709,FALSE,FALSE,8,1,389175,176751,368983,231289,58155
99505490,0,2010-01-05T00:00:00.000Z,,84736,TRUE,FALSE,140,1,,,,,
99517083,0,2010-01-05T00:00:00.000Z,,85146,TRUE,FALSE,34,1,,,,,
99517124,0,2010-01-05T00:00:00.000Z,,85146,TRUE,FALSE,34,1,,,,,
99409311,1,2010-01-05T00:00:00.000Z,85146,85182,FALSE,FALSE,755,1,374203,223016,375539,221266,2201
99409375,1,2010-01-05T00:00:00.000Z,85146,85182,FALSE,FALSE,755,1,374203,223016,375539,221266,2201
99409358,1,2010-01-05T00:00:00.000Z,85146,85182,FALSE,FALSE,755,1,374203,223016,375539,221266,2201
99424409,1,2010-01-05T00:00:00.000Z,85146,85182,FALSE,FALSE,632,1,374203,223016,375539,221266,2201
99443900,1,2010-01-05T00:00:00.000Z,85146,85182,FALSE,FALSE,755,1,374203,223016,375539,221266,2201
99443936,1,2010-01-05T00:00:00.000Z,85146,85182,FALSE,FALSE,632,1,374203,223016,375539,221266,2201
99327368,1,2010-01-05T00:00:00.000Z,85146,85182,FALSE,FALSE,632,1,374203,223016,375539,221266,2201
99327353,1,2010-01-05T00:00:00.000Z,85146,85182,FALSE,FALSE,812,1,374203,223016,375539,221266,2201
99327327,1,2010-01-05T00:00:00.000Z,85146,85182,FALSE,FALSE,632,1,374203,223016,375539,221266,2201
99380777,1,2010-01-05T00:00:00.000Z,85146,85182,FALSE,FALSE,812,1,374203,223016,375539,221266,2201
99380811,1,2010-01-05T00:00:00.000Z,85146,85182,FALSE,FALSE,632,1,374203,223016,375539,221266,2201
99380723,1,2010-01-05T00:00:00.000Z,85146,85182,FALSE,FALSE,632,1,374203,223016,375539,221266,2201
99380839,1,2010-01-05T00:00:00.000Z,85146,85182,FALSE,FALSE,913,1,374203,223016,375539,221266,2201
99380817,1,2010-01-05T00:00:00.000Z,85146,85182,FALSE,FALSE,4,1,374203,223016,375539,221266,2201
99380746,1,2010-01-05T00:00:00.000Z,85146,85182,FALSE,FALSE,632,1,374203,223016,375539,221266,2201
99380871,1,2010-01-05T00:00:00.000Z,85146,85182,FALSE,FALSE,632,1,374203,223016,375539,221266,2201
99380765,1,2010-01-05T00:00:00.000Z,85146,85182,FALSE,FALSE,105,1,374203,223016,375539,221266,2201
28726502,3,2010-01-05T00:00:00.000Z,25754000,85221,FALSE,FALSE,16,1,406638,198793,370502,208481,37412
99698153,0,2010-01-05T00:00:00.000Z,,85222,TRUE,FALSE,691,1,,,,,
99505804,0,2010-01-05T00:00:00.000Z,,85223,TRUE,FALSE,692,1,,,,,
99469065,0,2010-01-05T00:00:00.000Z,,85494,TRUE,FALSE,751,1,,,,,
99469090,0,2010-01-05T00:00:00.000Z,,85494,TRUE,FALSE,709,1,,,,,
99469080,0,2010-01-05T00:00:00.000Z,,85494,TRUE,FALSE,1101,1,,,,,
99628837,0,2010-01-05T00:00:00.000Z,,85601,TRUE,FALSE,106,1,,,,,
99454985,0,2010-01-05T00:00:00.000Z,,85658,TRUE,FALSE,540,1,,,,,
99596934,0,2010-01-05T00:00:00.000Z,,85730,TRUE,FALSE,437,1,,,,,
99480064,0,2010-01-05T00:00:00.000Z,,85889,TRUE,FALSE,1470,1,,,,,
99479928,0,2010-01-05T00:00:00.000Z,,86191,TRUE,FALSE,898,1,,,,,
99698509,0,2010-01-05T00:00:00.000Z,,86282,TRUE,FALSE,169,1,,,,,
99698531,0,2010-01-05T00:00:00.000Z,,86282,TRUE,FALSE,169,1,,,,,
99436390,0,2010-01-05T00:00:00.000Z,,86316,TRUE,FALSE,535,1,,,,,
99534007,0,2010-01-05T00:00:00.000Z,,86519,TRUE,FALSE,652,1,,,,,
99255881,1,2010-01-05T00:00:00.000Z,87494,86544,FALSE,FALSE,136,1,377582,211191,387932,209665,10461
99255931,1,2010-01-05T00:00:00.000Z,87494,86544,FALSE,FALSE,136,1,377582,211191,387932,209665,10461
99255868,1,2010-01-05T00:00:00.000Z,87494,86544,FALSE,FALSE,136,1,377582,211191,387932,209665,10461
99256001,1,2010-01-05T00:00:00.000Z,87494,86544,FALSE,FALSE,91,1,377582,211191,387932,209665,10461
99190804,1,2010-01-05T00:00:00.000Z,87494,86544,FALSE,FALSE,80,1,377582,211191,387932,209665,10461
99190829,1,2010-01-05T00:00:00.000Z,87494,86544,FALSE,FALSE,91,1,377582,211191,387932,209665,10461
99190779,1,2010-01-05T00:00:00.000Z,87494,86544,FALSE,FALSE,136,1,377582,211191,387932,209665,10461
99190846,1,2010-01-05T00:00:00.000Z,87494,86544,FALSE,FALSE,91,1,377582,211191,387932,209665,10461
99190822,1,2010-01-05T00:00:00.000Z,87494,86544,FALSE,FALSE,71,1,377582,211191,387932,209665,10461
99255985,1,2010-01-05T00:00:00.000Z,87494,86544,FALSE,FALSE,337,1,377582,211191,387932,209665,10461
99255848,1,2010-01-05T00:00:00.000Z,87494,86544,FALSE,FALSE,136,1,377582,211191,387932,209665,10461
99255947,1,2010-01-05T00:00:00.000Z,87494,86544,FALSE,FALSE,91,1,377582,211191,387932,209665,10461
99255973,1,2010-01-05T00:00:00.000Z,87494,86544,FALSE,FALSE,91,1,377582,211191,387932,209665,10461
99255899,1,2010-01-05T00:00:00.000Z,87494,86544,FALSE,FALSE,136,1,377582,211191,387932,209665,10461
99255913,1,2010-01-05T00:00:00.000Z,87494,86544,FALSE,FALSE,91,1,377582,211191,387932,209665,10461
86544644,2,2010-01-05T00:00:00.000Z,25754000,86750,FALSE,FALSE,48,1,406638,198793,383848,207647,24449
99651720,0,2010-01-05T00:00:00.000Z,,86907,TRUE,FALSE,567,1,,,,,
99561706,0,2010-01-05T00:00:00.000Z,,86911,TRUE,FALSE,765,1,,,,,
5897834,4,2010-01-05T00:00:00.000Z,25754000,87022,FALSE,FALSE,336,1,406638,198793,391126,227810,32903
75067355,3,2010-01-05T00:00:00.000Z,25754000,87022,FALSE,FALSE,6,1,406638,198793,391126,227810,32903
86193468,2,2010-01-05T00:00:00.000Z,25754000,87022,FALSE,FALSE,85,1,406638,198793,391126,227810,32903
88138492,2,2010-01-05T00:00:00.000Z,25754000,87022,FALSE,FALSE,85,1,406638,198793,391126,227810,32903
88301959,4,2010-01-05T00:00:00.000Z,25754000,87022,FALSE,FALSE,43,1,406638,198793,391126,227810,32903
88259570,4,2010-01-05T00:00:00.000Z,25754000,87022,FALSE,FALSE,43,1,406638,198793,391126,227810,32903
88010059,2,2010-01-05T00:00:00.000Z,25754000,87022,FALSE,FALSE,85,1,406638,198793,391126,227810,32903
88208979,5,2010-01-05T00:00:00.000Z,25754000,87022,FALSE,FALSE,43,1,406638,198793,391126,227810,32903
99511871,0,2010-01-05T00:00:00.000Z,,87084,TRUE,FALSE,839,1,,,,,
88224275,4,2010-01-05T00:00:00.000Z,25789847,87105,FALSE,FALSE,303,1,389828,237228,389805,229835,7393
99452290,0,2010-01-05T00:00:00.000Z,,87105,TRUE,FALSE,664,1,,,,,
99452259,0,2010-01-05T00:00:00.000Z,,87105,TRUE,FALSE,392,1,,,,,
84218394,3,2010-01-05T00:00:00.000Z,25754000,87166,FALSE,FALSE,22,1,406638,198793,384593,229363,37689
87798376,4,2010-01-05T00:00:00.000Z,25754000,87166,FALSE,FALSE,51,1,406638,198793,384593,229363,37689
88288654,3,2010-01-05T00:00:00.000Z,25754000,87166,FALSE,FALSE,83,1,406638,198793,384593,229363,37689
89659336,3,2010-01-05T00:00:00.000Z,25754000,87166,FALSE,FALSE,202,1,406638,198793,384593,229363,37689
91205003,3,2010-01-05T00:00:00.000Z,25754000,87166,FALSE,FALSE,306,1,406638,198793,384593,229363,37689
92418627,6,2010-01-05T00:00:00.000Z,25754000,87166,FALSE,FALSE,245,0,406638,198793,384593,229363,37689
92418656,6,2010-01-05T00:00:00.000Z,25754000,87166,FALSE,FALSE,184,0,406638,198793,384593,229363,37689
99014174,2,2010-01-05T00:00:00.000Z,25749812,87170,FALSE,FALSE,66,1,389175,176751,384280,229706,53180
99302167,2,2010-01-05T00:00:00.000Z,25749812,87170,FALSE,FALSE,771,1,389175,176751,384280,229706,53180
99303126,2,2010-01-05T00:00:00.000Z,25749812,87170,FALSE,FALSE,771,1,389175,176751,384280,229706,53180
99224765,2,2010-01-05T00:00:00.000Z,25749812,87170,FALSE,FALSE,771,1,389175,176751,384280,229706,53180
99342926,2,2010-01-05T00:00:00.000Z,25749812,87170,FALSE,FALSE,835,1,389175,176751,384280,229706,53180
99342901,2,2010-01-05T00:00:00.000Z,25749812,87170,FALSE,FALSE,771,1,389175,176751,384280,229706,53180
88601479,2,2010-01-05T00:00:00.000Z,25754000,87297,FALSE,FALSE,234,1,406638,198793,373553,209795,34866
88601400,2,2010-01-05T00:00:00.000Z,25754000,87297,FALSE,FALSE,199,1,406638,198793,373553,209795,34866
89500465,2,2010-01-05T00:00:00.000Z,25754000,87297,FALSE,FALSE,188,1,406638,198793,373553,209795,34866
89862362,2,2010-01-05T00:00:00.000Z,25754000,87297,FALSE,FALSE,223,1,406638,198793,373553,209795,34866
89862379,2,2010-01-05T00:00:00.000Z,25754000,87297,FALSE,FALSE,230,1,406638,198793,373553,209795,34866
89862349,2,2010-01-05T00:00:00.000Z,25754000,87297,FALSE,FALSE,234,1,406638,198793,373553,209795,34866
99561220,0,2010-01-05T00:00:00.000Z,,87326,TRUE,FALSE,1648,1,,,,,
99466675,0,2010-01-05T00:00:00.000Z,,87419,TRUE,FALSE,594,1,,,,,
99489687,0,2010-01-05T00:00:00.000Z,,87455,TRUE,FALSE,147,1,,,,,
99443312,0,2010-01-05T00:00:00.000Z,,87494,TRUE,FALSE,9,1,,,,,
99443276,0,2010-01-05T00:00:00.000Z,,87494,TRUE,FALSE,9,1,,,,,
99515095,0,2010-01-05T00:00:00.000Z,,87518,TRUE,FALSE,2158,1,,,,,
99147025,2,2010-01-05T00:00:00.000Z,25754000,87522,FALSE,FALSE,701,1,406638,198793,380734,208937,27819
99208991,2,2010-01-05T00:00:00.000Z,25754000,87522,FALSE,FALSE,836,1,406638,198793,380734,208937,27819
99236316,2,2010-01-05T00:00:00.000Z,25754000,87522,FALSE,FALSE,836,1,406638,198793,380734,208937,27819
99240877,2,2010-01-05T00:00:00.000Z,25754000,87522,FALSE,FALSE,610,1,406638,198793,380734,208937,27819
99326628,2,2010-01-05T00:00:00.000Z,25754000,87522,FALSE,FALSE,737,1,406638,198793,380734,208937,27819
99580344,0,2010-01-05T00:00:00.000Z,,87559,TRUE,FALSE,21,1,,,,,
99000799,2,2010-01-05T00:00:00.000Z,25749812,87767,FALSE,FALSE,742,1,389175,176751,403771,230494,55689
99151852,2,2010-01-05T00:00:00.000Z,25749812,87767,FALSE,FALSE,756,1,389175,176751,403771,230494,55689
99151880,2,2010-01-05T00:00:00.000Z,25749812,87767,FALSE,FALSE,742,1,389175,176751,403771,230494,55689
99055797,2,2010-01-05T00:00:00.000Z,25749812,87767,FALSE,FALSE,742,1,389175,176751,403771,230494,55689
99205997,2,2010-01-05T00:00:00.000Z,25749812,87767,FALSE,FALSE,841,1,389175,176751,403771,230494,55689
99354498,2,2010-01-05T00:00:00.000Z,25749812,87767,FALSE,FALSE,742,1,389175,176751,403771,230494,55689
99354454,2,2010-01-05T00:00:00.000Z,25749812,87767,FALSE,FALSE,756,1,389175,176751,403771,230494,55689
99221771,2,2010-01-05T00:00:00.000Z,25749812,87767,FALSE,FALSE,735,1,389175,176751,403771,230494,55689
99228662,2,2010-01-05T00:00:00.000Z,25749812,87767,FALSE,FALSE,307,1,389175,176751,403771,230494,55689
99299095,2,2010-01-05T00:00:00.000Z,25749812,87767,FALSE,FALSE,742,1,389175,176751,403771,230494,55689
99146999,2,2010-01-05T00:00:00.000Z,25754000,87877,FALSE,FALSE,647,1,406638,198793,402559,230218,31688
99158846,2,2010-01-05T00:00:00.000Z,25754000,87877,FALSE,FALSE,552,1,406638,198793,402559,230218,31688
99173711,2,2010-01-05T00:00:00.000Z,25754000,87877,FALSE,FALSE,30,1,406638,198793,402559,230218,31688
99271936,3,2010-01-05T00:00:00.000Z,25754000,87877,FALSE,FALSE,591,0,406638,198793,402559,230218,31688
99493656,0,2010-01-05T00:00:00.000Z,,87962,TRUE,FALSE,2211,1,,,,,
99583501,0,2010-01-05T00:00:00.000Z,,88039,TRUE,FALSE,735,1,,,,,
99628236,0,2010-01-05T00:00:00.000Z,,88128,TRUE,FALSE,784,1,,,,,
89867072,4,2010-01-05T00:00:00.000Z,25754000,88223,FALSE,FALSE,282,1,406638,198793,384797,230654,38628
91158069,4,2010-01-05T00:00:00.000Z,25754000,88223,FALSE,FALSE,386,1,406638,198793,384797,230654,38628
91867702,2,2010-01-05T00:00:00.000Z,25754000,88223,FALSE,FALSE,386,1,406638,198793,384797,230654,38628
92246872,2,2010-01-05T00:00:00.000Z,25754000,88223,FALSE,FALSE,519,1,406638,198793,384797,230654,38628
92275595,5,2010-01-05T00:00:00.000Z,25754000,88223,FALSE,FALSE,386,1,406638,198793,384797,230654,38628
93173361,2,2010-01-05T00:00:00.000Z,25754000,88223,FALSE,FALSE,519,1,406638,198793,384797,230654,38628
99505765,0,2010-01-05T00:00:00.000Z,,88320,TRUE,FALSE,979,1,,,,,
99505780,0,2010-01-05T00:00:00.000Z,,88320,TRUE,FALSE,2211,1,,,,,
99580794,0,2010-01-05T00:00:00.000Z,,88449,TRUE,FALSE,280,1,,,,,
82562173,2,2010-01-05T00:00:00.000Z,83524,102786,FALSE,FALSE,113,1,383367,210063,368059,222668,19829
83689038,2,2010-01-05T00:00:00.000Z,83524,102786,FALSE,FALSE,1024,1,383367,210063,368059,222668,19829
99689785,0,2010-01-05T00:00:00.000Z,,106862,TRUE,FALSE,319,1,,,,,
99641827,0,2010-01-05T00:00:00.000Z,,174077,TRUE,FALSE,672,1,,,,,
99641836,0,2010-01-05T00:00:00.000Z,,174077,TRUE,FALSE,2211,1,,,,,
99696920,0,2010-01-05T00:00:00.000Z,,178761,TRUE,FALSE,134,1,,,,,
22069187,1,2010-01-05T00:00:00.000Z,86282,382100,FALSE,FALSE,0,1,419476,230996,365053,213599,57135
22468904,1,2010-01-05T00:00:00.000Z,86282,382100,FALSE,FALSE,0,1,419476,230996,365053,213599,57135
27885945,1,2010-01-05T00:00:00.000Z,86282,382100,FALSE,FALSE,0,1,419476,230996,365053,213599,57135
27918027,1,2010-01-05T00:00:00.000Z,82733,382100,FALSE,FALSE,0,1,357923,206809,365053,213599,9845
28698553,1,2010-01-05T00:00:00.000Z,86282,382100,FALSE,FALSE,0,1,419476,230996,365053,213599,57135
72462813,1,2010-01-05T00:00:00.000Z,86282,382100,FALSE,FALSE,0,1,419476,230996,365053,213599,57135
78133055,1,2010-01-05T00:00:00.000Z,86282,382100,FALSE,FALSE,0,1,419476,230996,365053,213599,57135
78880255,1,2010-01-05T00:00:00.000Z,86282,382100,FALSE,FALSE,0,1,419476,230996,365053,213599,57135
81430468,1,2010-01-05T00:00:00.000Z,298670,382100,FALSE,FALSE,0,1,345673,196506,365053,213599,25840
81546733,1,2010-01-05T00:00:00.000Z,87072,382100,FALSE,FALSE,0,1,387907,226002,365053,213599,26002
82926543,1,2010-01-05T00:00:00.000Z,85634,382100,FALSE,FALSE,0,1,372955,217461,365053,213599,8795
85209441,1,2010-01-05T00:00:00.000Z,85373,382100,FALSE,FALSE,0,1,366721,220354,365053,213599,6957
85561964,1,2010-01-05T00:00:00.000Z,25755424,382100,FALSE,FALSE,0,1,313906,236213,365053,213599,55923
87084543,5,2010-01-05T00:00:00.000Z,82146,382100,FALSE,FALSE,0,1,387145,222588,365053,213599,23850
87234077,4,2010-01-05T00:00:00.000Z,82146,382100,FALSE,FALSE,0,1,387145,222588,365053,213599,23850
88073682,3,2010-01-05T00:00:00.000Z,83690,382100,FALSE,FALSE,0,1,378406,215106,365053,213599,13437
87774018,3,2010-01-05T00:00:00.000Z,83690,382100,FALSE,FALSE,0,1,378406,215106,365053,213599,13437
88582902,3,2010-01-05T00:00:00.000Z,83690,382100,FALSE,FALSE,0,1,378406,215106,365053,213599,13437
88549475,1,2010-01-05T00:00:00.000Z,103041,382100,FALSE,FALSE,0,1,360720,232833,365053,213599,19716
20753182,9,2010-01-05T00:00:00.000Z,25774485,382186,FALSE,FALSE,2,1,330232,134078,383487,213437,95571
26247718,2,2010-01-05T00:00:00.000Z,25774485,382186,FALSE,FALSE,2,1,330232,134078,383487,213437,95571
28604488,2,2010-01-05T00:00:00.000Z,25774485,382186,FALSE,FALSE,2,1,330232,134078,383487,213437,95571
29087922,4,2010-01-05T00:00:00.000Z,25774485,382186,FALSE,FALSE,2,1,330232,134078,383487,213437,95571
78182093,2,2010-01-05T00:00:00.000Z,25774485,382186,FALSE,FALSE,2,1,330232,134078,383487,213437,95571
78493852,4,2010-01-05T00:00:00.000Z,25774485,382186,FALSE,FALSE,1,1,330232,134078,383487,213437,95571
79817988,3,2010-01-05T00:00:00.000Z,25774485,382186,FALSE,FALSE,1,1,330232,134078,383487,213437,95571
84267907,3,2010-01-05T00:00:00.000Z,81992,382186,FALSE,FALSE,0,1,396802,214996,383487,213437,13405
88141657,7,2010-01-05T00:00:00.000Z,83500,382186,FALSE,FALSE,0,1,383487,213437,383487,213437,0
85911613,5,2010-01-05T00:00:00.000Z,81992,382186,FALSE,FALSE,0,0,396802,214996,383487,213437,13405
99581568,0,2010-01-05T00:00:00.000Z,,791409,TRUE,FALSE,735,1,,,,,
99581539,0,2010-01-05T00:00:00.000Z,,791409,TRUE,FALSE,973,1,,,,,
99586448,0,2010-01-05T00:00:00.000Z,,25746892,TRUE,FALSE,231,1,,,,,
99586469,0,2010-01-05T00:00:00.000Z,,25746892,TRUE,FALSE,833,1,,,,,
99503465,0,2010-01-05T00:00:00.000Z,,25748601,TRUE,FALSE,26,1,,,,,
99503507,0,2010-01-05T00:00:00.000Z,,25748601,TRUE,FALSE,26,1,,,,,
5897834,3,2010-01-05T00:00:00.000Z,83119,25754000,FALSE,FALSE,0,1,373397,201388,406638,198793,33342
25909880,8,2010-01-05T00:00:00.000Z,235891,25754000,FALSE,FALSE,0,1,391754,180257,406638,198793,23772
28726502,2,2010-01-05T00:00:00.000Z,235891,25754000,FALSE,FALSE,0,1,391754,180257,406638,198793,23772
29800070,2,2010-01-05T00:00:00.000Z,235891,25754000,FALSE,FALSE,0,1,391754,180257,406638,198793,23772
75067355,2,2010-01-05T00:00:00.000Z,83119,25754000,FALSE,FALSE,0,1,373397,201388,406638,198793,33342
82997201,1,2010-01-05T00:00:00.000Z,177166,25754000,FALSE,FALSE,0,1,438115,191852,406638,198793,32233
82901342,1,2010-01-05T00:00:00.000Z,177166,25754000,FALSE,FALSE,0,1,438115,191852,406638,198793,32233
82997126,1,2010-01-05T00:00:00.000Z,177166,25754000,FALSE,FALSE,0,1,438115,191852,406638,198793,32233
83162614,1,2010-01-05T00:00:00.000Z,177166,25754000,FALSE,FALSE,0,1,438115,191852,406638,198793,32233
83996882,1,2010-01-05T00:00:00.000Z,177166,25754000,FALSE,FALSE,0,1,438115,191852,406638,198793,32233
83996779,1,2010-01-05T00:00:00.000Z,177166,25754000,FALSE,FALSE,0,1,438115,191852,406638,198793,32233
83996814,1,2010-01-05T00:00:00.000Z,177166,25754000,FALSE,FALSE,0,1,438115,191852,406638,198793,32233
84218394,2,2010-01-05T00:00:00.000Z,235891,25754000,FALSE,FALSE,0,1,391754,180257,406638,198793,23772
86193468,1,2010-01-05T00:00:00.000Z,83187,25754000,FALSE,FALSE,0,1,0,0,406638,198793,452629
87090017,1,2010-01-05T00:00:00.000Z,83187,25754000,FALSE,FALSE,0,1,0,0,406638,198793,452629
86544644,1,2010-01-05T00:00:00.000Z,83187,25754000,FALSE,FALSE,0,1,0,0,406638,198793,452629
87245184,1,2010-01-05T00:00:00.000Z,83187,25754000,FALSE,FALSE,0,1,0,0,406638,198793,452629
87580761,1,2010-01-05T00:00:00.000Z,83187,25754000,FALSE,FALSE,0,1,0,0,406638,198793,452629
87351266,1,2010-01-05T00:00:00.000Z,83187,25754000,FALSE,FALSE,0,1,0,0,406638,198793,452629
88317334,3,2010-01-05T00:00:00.000Z,83187,25754000,FALSE,FALSE,0,1,0,0,406638,198793,452629
88138358,1,2010-01-05T00:00:00.000Z,83187,25754000,FALSE,FALSE,0,1,0,0,406638,198793,452629
88138492,1,2010-01-05T00:00:00.000Z,83187,25754000,FALSE,FALSE,0,1,0,0,406638,198793,452629
87798376,3,2010-01-05T00:00:00.000Z,104484,25754000,FALSE,FALSE,0,1,395504,267424,406638,198793,69528
88288654,2,2010-01-05T00:00:00.000Z,104484,25754000,FALSE,FALSE,0,1,395504,267424,406638,198793,69528
87802823,1,2010-01-05T00:00:00.000Z,83187,25754000,FALSE,FALSE,0,1,0,0,406638,198793,452629
87802888,1,2010-01-05T00:00:00.000Z,83187,25754000,FALSE,FALSE,0,1,0,0,406638,198793,452629
88164046,3,2010-01-05T00:00:00.000Z,82315,25754000,FALSE,FALSE,0,1,397475,200665,406638,198793,9352
88301959,3,2010-01-05T00:00:00.000Z,83187,25754000,FALSE,FALSE,0,1,0,0,406638,198793,452629
88459575,1,2010-01-05T00:00:00.000Z,236042,25754000,FALSE,FALSE,0,1,406186,176901,406638,198793,21896
87908292,1,2010-01-05T00:00:00.000Z,236042,25754000,FALSE,FALSE,0,1,406186,176901,406638,198793,21896
88259570,3,2010-01-05T00:00:00.000Z,83187,25754000,FALSE,FALSE,0,1,0,0,406638,198793,452629
88408200,3,2010-01-05T00:00:00.000Z,82315,25754000,FALSE,FALSE,0,1,397475,200665,406638,198793,9352
88010059,1,2010-01-05T00:00:00.000Z,83187,25754000,FALSE,FALSE,0,1,0,0,406638,198793,452629
88012465,3,2010-01-05T00:00:00.000Z,83187,25754000,FALSE,FALSE,0,1,0,0,406638,198793,452629
88766734,1,2010-01-05T00:00:00.000Z,236042,25754000,FALSE,FALSE,0,1,406186,176901,406638,198793,21896
88766887,1,2010-01-05T00:00:00.000Z,236042,25754000,FALSE,FALSE,0,1,406186,176901,406638,198793,21896
88208979,4,2010-01-05T00:00:00.000Z,83187,25754000,FALSE,FALSE,0,1,0,0,406638,198793,452629
88601479,1,2010-01-05T00:00:00.000Z,86086,25754000,FALSE,FALSE,0,1,416161,218052,406638,198793,21484
88601400,1,2010-01-05T00:00:00.000Z,86086,25754000,FALSE,FALSE,0,1,416161,218052,406638,198793,21484
89070871,1,2010-01-05T00:00:00.000Z,236042,25754000,FALSE,FALSE,0,1,406186,176901,406638,198793,21896
89300256,1,2010-01-05T00:00:00.000Z,236042,25754000,FALSE,FALSE,0,1,406186,176901,406638,198793,21896
89300272,1,2010-01-05T00:00:00.000Z,236042,25754000,FALSE,FALSE,0,1,406186,176901,406638,198793,21896
89160318,3,2010-01-05T00:00:00.000Z,86909,25754000,FALSE,FALSE,0,1,388608,191455,406638,198793,19466
89500465,1,2010-01-05T00:00:00.000Z,86086,25754000,FALSE,FALSE,0,1,416161,218052,406638,198793,21484
89504567,3,2010-01-05T00:00:00.000Z,86909,25754000,FALSE,FALSE,0,1,388608,191455,406638,198793,19466
89659336,2,2010-01-05T00:00:00.000Z,104484,25754000,FALSE,FALSE,0,1,395504,267424,406638,198793,69528
89465324,3,2010-01-05T00:00:00.000Z,178881,25754000,FALSE,FALSE,0,1,361258,194510,406638,198793,45581
89465347,3,2010-01-05T00:00:00.000Z,178881,25754000,FALSE,FALSE,0,1,361258,194510,406638,198793,45581
89465305,3,2010-01-05T00:00:00.000Z,178881,25754000,FALSE,FALSE,0,1,361258,194510,406638,198793,45581
89862379,1,2010-01-05T00:00:00.000Z,86086,25754000,FALSE,FALSE,0,1,416161,218052,406638,198793,21484
89862349,1,2010-01-05T00:00:00.000Z,86086,25754000,FALSE,FALSE,0,1,416161,218052,406638,198793,21484
89862362,1,2010-01-05T00:00:00.000Z,86086,25754000,FALSE,FALSE,0,1,416161,218052,406638,198793,21484
89867072,3,2010-01-05T00:00:00.000Z,178881,25754000,FALSE,FALSE,0,1,361258,194510,406638,198793,45581
89866894,3,2010-01-05T00:00:00.000Z,178881,25754000,FALSE,FALSE,0,1,361258,194510,406638,198793,45581
89867093,3,2010-01-05T00:00:00.000Z,178881,25754000,FALSE,FALSE,0,1,361258,194510,406638,198793,45581
89482549,1,2010-01-05T00:00:00.000Z,236042,25754000,FALSE,FALSE,0,1,406186,176901,406638,198793,21896
89620513,3,2010-01-05T00:00:00.000Z,86909,25754000,FALSE,FALSE,0,1,388608,191455,406638,198793,19466
90170337,3,2010-01-05T00:00:00.000Z,86909,25754000,FALSE,FALSE,0,1,388608,191455,406638,198793,19466
